key,Playing time (minutes),BoardGameGeek average user rating (1-10)
Pandemic (30549),45,7.59
Carcassonne (822),45,7.42
Catan (13),120,7.14
7 Wonders (68448),30,7.74
Dominion (36218),30,7.61
Ticket to Ride (9209),60,7.41
Codenames (178900),15,7.6
Terraforming Mars (167791),120,8.42
7 Wonders Duel (173346),30,8.11
Agricola (31260),150,7.93
Puerto Rico (3076),150,7.97
Splendor (148228),30,7.44
Scythe (169786),115,8.22
Small World (40692),80,7.25
Ticket to Ride: Europe (14996),60,7.54
Azul (230802),45,7.8
King of Tokyo (70323),30,7.17
Love Letter (129622),20,7.23
Power Grid (2651),120,7.84
Wingspan (266192),70,8.1
Dixit (39856),30,7.24
Patchwork (163412),30,7.64
The Castles of Burgundy (84876),90,8.13
Citadels (478),60,7.08
Race for the Galaxy (28143),60,7.76
Lords of Waterdeep (110327),120,7.75
Gloomhaven (174430),120,8.74
Stone Age (34635),90,7.55
Pandemic Legacy: Season 1 (161936),60,8.59
Forbidden Island (65244),30,6.78
Munchkin (1927),120,5.89
Twilight Struggle (12333),180,8.28
Terra Mystica (120677),150,8.12
Hanabi (98778),25,7.07
Dead of Winter: A Crossroads Game (150376),120,7.54
Jaipur (54043),30,7.5
Bohnanza (11),45,7.04
Betrayal at House on the Hill (10547),60,7.06
Lost Cities (50),30,7.19
Coup (131357),15,7.0
Star Realms (147020),20,7.58
Sushi Go! (133473),15,7.04
Takenoko (70919),45,7.26
Blood Rage (170216),90,7.99
Arkham Horror (15987),240,7.25
The Resistance (41114),30,7.27
Robinson Crusoe: Adventures on the Cursed Island (121921),120,7.82
Kingdomino (204583),15,7.35
Mysterium (181304),42,7.28
Viticulture Essential Edition (183394),90,8.06
Five Tribes (157354),80,7.78
Magic: The Gathering (463),20,7.54
Battlestar Galactica: The Board Game (37111),180,7.74
Tzolk'in: The Mayan Calendar (126163),90,7.89
Arkham Horror: The Card Game (205637),120,8.16
Great Western Trail (193738),150,8.29
Spirit Island (162886),120,8.36
Clank!: A Deck-Building Adventure (201808),60,7.82
Hive (2655),20,7.32
Risk (181),120,5.59
Root (237182),90,8.1
Concordia (124361),100,8.12
Santorini (194655),20,7.44
Eldritch Horror (146021),240,7.78
Sheriff of Nottingham (157969),60,7.12
Dominion: Intrigue (40834),30,7.71
Galaxy Trucker (31481),60,7.39
Monopoly (1406),180,4.37
Sagrada (199561),45,7.51
A Game of Thrones: The Board Game (Second Edition) (103343),240,7.58
Alhambra (6249),60,7.03
Caverna: The Cave Farmers (102794),210,8.0
The Quacks of Quedlinburg (244521),45,7.85
Mage Knight Board Game (96848),240,8.1
Everdell (199792),80,8.1
Cosmic Encounter (39463),120,7.54
The Resistance: Avalon (128882),30,7.56
Mansions of Madness: Second Edition (205059),180,8.02
Machi Koro (143884),30,6.62
Scrabble (320),90,6.27
Roll for the Galaxy (132531),45,7.65
Le Havre (35677),150,7.87
BANG! (3955),40,6.51
Android: Netrunner (124742),45,7.88
Saboteur (9220),30,6.56
Caylus (18602),150,7.75
Forbidden Desert (136063),45,7.12
Istanbul (148949),60,7.57
Eclipse (72125),180,7.88
Colt Express (158899),40,7.11
Memoir '44 (10630),60,7.56
Tigris & Euphrates (42),90,7.7
Shadows over Camelot (15062),80,7.11
Sushi Go Party! (192291),20,7.45
For Sale (172),30,7.23
Through the Ages: A New Story of Civilization (182028),120,8.38
Star Wars: Rebellion (187645),240,8.42
Brass: Birmingham (224517),120,8.66
T.I.M.E Stories (146508),90,7.5
The Crew: The Quest for Planet Nine (284083),20,7.97
Exploding Kittens (172225),15,6.04
Smash Up (122522),45,6.73
Tsuro (16992),20,6.67
Cards Against Humanity (50381),30,5.86
Orléans (164928),90,8.07
El Grande (93),120,7.75
Blokus (2453),20,6.87
Camel Up (153938),30,7.04
Star Wars: X-Wing Miniatures Game (103885),45,7.67
Descent: Journeys in the Dark (Second Edition) (104162),120,7.67
One Night Ultimate Werewolf (147949),10,7.12
UNO (2223),30,5.41
Castles of Mad King Ludwig (155426),90,7.54
Elder Sign (100423),90,6.98
6 nimmt! (432),45,6.93
RoboRally (18),120,7.08
San Juan (8217),60,7.25
The Mind (244992),20,6.87
Suburbia (123260),90,7.51
Imperial Settlers (154203),90,7.38
Tokaido (123540),45,6.97
Survive: Escape from Atlantis! (2653),60,7.31
Seasons (108745),60,7.4
Isle of Skye: From Chieftain to King (176494),50,7.42
Flash Point: Fire Rescue (100901),45,7.19
No Thanks! (12942),20,7.06
The Lord of the Rings: The Card Game (77423),60,7.65
The Voyages of Marco Polo (171623),100,7.84
Star Wars: Imperial Assault (164153),120,8.0
Welcome To... (233867),25,7.6
Village (104006),90,7.52
BANG! The Dice Game (143741),15,6.94
Brass: Lancashire (28720),120,8.18
Kingdom Builder (107529),45,6.96
Secret Hitler (188834),45,7.55
Legendary: A Marvel Deck Building Game (129437),60,7.56
Architects of the West Kingdom (236457),80,7.81
Century: Spice Road (209685),45,7.35
Troyes (73439),90,7.75
Keyflower (122515),120,7.78
A Feast for Odin (177736),120,8.21
"Hey, That's My Fish! (8203)",20,6.7
Ghost Stories (37046),60,7.31
Guillotine (116),30,6.53
Ra (12),60,7.48
Alchemists (161970),120,7.67
Spyfall (166384),15,6.85
Gaia Project (220308),150,8.47
Photosynthesis (218603),60,7.09
Cyclades (54998),90,7.52
Coloretto (5782),30,6.97
The 7th Continent (180263),1000,8.05
Dominant Species (62219),240,7.84
Kingsburg (27162),90,7.19
Acquire (5),90,7.34
Thurn and Taxis (21790),60,7.1
Twilight Imperium: Third Edition (12493),240,7.83
Codenames: Pictures (198773),15,7.24
Sherlock Holmes Consulting Detective: The Thames Murders & Other Cases (2511),120,7.7
Tikal (54),90,7.33
Clue (1294),45,5.67
Through the Ages: A Story of Civilization (25613),120,7.9
Raiders of the North Sea (170042),80,7.77
Diamant (15512),30,6.82
Modern Art (118),45,7.44
Apples to Apples (74),30,5.79
Dixit: Odyssey (92828),30,7.44
Friday (43570),25,7.14
Deception: Murder in Hong Kong (156129),20,7.49
Formula D (37904),60,7.02
Nemesis (167355),180,8.39
Mice and Mystics (124708),90,7.29
Rising Sun (205896),120,7.84
Captain Sonar (171131),60,7.55
That's Pretty Clever! (244522),30,7.62
Zombicide (113924),60,7.14
Magic Maze (209778),15,7.02
Onitama (160477),20,7.39
Qwirkle (25669),45,6.78
Kemet (127023),120,7.7
Jamaica (28023),60,7.06
Tiny Epic Galaxies (163967),45,7.36
Chronicles of Crime (239188),90,7.73
Targi (118048),60,7.64
Dice Forge (194594),45,7.27
Lost Ruins of Arnak (312484),120,8.11
Zombie Dice (62871),20,6.22
The Pillars of the Earth (24480),120,7.28
Concept (147151),40,6.8
Clans of Caledonia (216132),120,7.99
Cartographers (263918),45,7.72
Codenames: Duet (224037),30,7.53
Skull (92415),45,7.2
Fluxx (258),30,5.67
Legends of Andor (127398),90,7.18
Battle Line (760),30,7.41
Mr. Jack (21763),30,7.0
Ingenious (9674),45,7.12
Twilight Imperium: Fourth Edition (233078),480,8.68
Escape: The Curse of the Temple (113294),10,6.99
Gloomhaven: Jaws of the Lion (291457),120,8.68
Biblios (34219),30,7.2
Russian Railroads (144733),120,7.76
Innovation (63888),60,7.27
Just One (254640),20,7.62
Roll Player (169426),90,7.51
Trajan (102680),120,7.76
Go (188),180,7.64
War of the Ring: Second Edition (115746),180,8.51
The Quest for El Dorado (217372),60,7.62
Food Chain Magnate (175914),240,8.12
Potion Explosion (180974),45,7.15
Samurai (3),60,7.45
Sentinels of the Multiverse (102652),60,7.2
Teotihuacan: City of Gods (229853),120,7.93
Space Alert (38453),30,7.43
Mechs vs. Minions (209010),120,8.02
Arboretum (140934),30,7.36
Scotland Yard (438),45,6.51
Saint Petersburg (9217),60,7.29
King of New York (160499),40,6.94
Dune: Imperium (316554),120,8.32
Sid Meier's Civilization: The Board Game (77130),240,7.4
Castle Panic (43443),60,6.65
The Princes of Florence (555),100,7.53
The Lord of the Rings (823),90,6.74
Zombies!!! (2471),90,5.8
Grand Austria Hotel (182874),120,7.88
Boss Monster: The Dungeon Building Card Game (131835),30,6.28
Chaos in the Old World (43111),120,7.68
Champions of Midgard (172287),90,7.76
Inis (155821),90,7.81
Evolution (155703),60,7.11
Can't Stop (41),30,6.85
Alien Frontiers (48726),90,7.4
Decrypto (225694),45,7.79
Stratego (1917),45,6.1
Rummikub (811),60,6.4
Letters from Whitechapel (59959),90,7.38
Spot it! (63268),15,6.61
Port Royal (156009),50,7.13
Zooloretto (27588),45,6.83
Tapestry (286096),120,7.46
Gloom (12692),60,6.33
Telestrations (46213),30,7.4
Harry Potter: Hogwarts Battle (199042),60,7.43
Marvel Champions: The Card Game (285774),90,8.2
Res Arcana (262712),60,7.74
Bärenpark (219513),45,7.35
Above and Below (172818),90,7.4
Hero Realms (198994),30,7.58
Wits & Wagers (20100),25,6.93
Lewis & Clark: The Expedition (140620),120,7.48
Talisman: Revised 4th Edition (27627),90,6.52
Tichu (215),60,7.58
Flamme Rouge (199478),45,7.54
Aeon's End (191189),60,8.01
Neuroshima Hex! 3.0 (21241),30,7.4
Last Night on Earth: The Zombie Game (29368),90,6.93
Zombicide: Black Plague (176189),180,7.67
Red7 (161417),30,6.9
Pandemic Legacy: Season 2 (221107),60,8.11
Dungeon Petz (97207),90,7.45
Crokinole (521),30,7.95
Ca$h 'n Guns (Second Edition) (155362),30,6.88
Quarriors! (91536),30,6.75
Catan Card Game (278),120,6.71
Anachrony (185343),120,8.11
Glory to Rome (19857),60,7.49
Perudo (45),30,6.9
Dungeon Lords (45315),90,7.38
Merchants & Marauders (25292),180,7.4
Shogun (20551),120,7.53
Tiny Towns (265736),60,7.32
Dinosaur Island (221194),120,7.68
Through the Desert (503),45,7.08
Imhotep (191862),40,7.18
Mansions of Madness (83330),180,7.29
The Grizzled (171668),30,7.18
Disney Villainous (256382),50,7.05
Hanamikoji (158600),15,7.53
Libertalia (125618),60,7.15
Underwater Cities (247763),150,8.1
Charterstone (197376),75,7.32
Agricola: All Creatures Big and Small (119890),30,7.37
Yahtzee (2243),30,5.41
Hansa Teutonica (43015),90,7.68
Jenga (2452),20,5.62
PARKS (266524),60,7.8
Space Hulk: Death Angel – The Card Game (71721),60,7.0
Notre Dame (25554),75,7.33
Fury of Dracula (Third/Fourth Edition) (181279),180,7.49
Welcome to the Dungeon (150312),30,6.58
Diplomacy (483),360,7.04
Ticket to Ride: Nordic Countries (31627),60,7.64
Backgammon (2397),30,6.54
Ascension: Deckbuilding Game (69789),30,7.03
Fresco (66188),60,7.27
Pathfinder Adventure Card Game: Rise of the Runelords – Base Set (133038),90,7.19
Deep Sea Adventure (169654),30,6.96
Tales of the Arabian Nights (34119),120,7.19
Legendary Encounters: An Alien Deck Building Game (146652),60,7.78
Jungle Speed (8098),10,6.49
Carcassonne: Hunters and Gatherers (4390),35,7.13
Quadropolis (176396),60,7.27
Roll Through the Ages: The Bronze Age (37380),45,6.87
Agricola (Revised Edition) (200680),120,8.0
Mombasa (172386),150,7.87
Point Salad (274960),30,7.28
Abyss (155987),60,7.33
HeroQuest (699),90,7.15
Nations (126042),200,7.63
Descent: Journeys in the Dark (17226),240,7.3
SET (1198),30,6.49
Railways of the World (17133),120,7.69
Labyrinth (1219),20,6.41
The Game of Life (2921),60,4.31
The Lord of the Rings: Journeys in Middle-Earth (269385),120,8.01
In the Year of the Dragon (31594),100,7.33
Viticulture (128621),90,7.56
Space Base (242302),60,7.6
Paladins of the West Kingdom (266810),120,8.03
Tobago (42215),60,7.11
Taboo (1111),20,6.29
The Isle of Cats (281259),90,7.92
The Gallerist (125153),150,8.06
Goa (9216),90,7.58
Firefly: The Game (138161),240,7.39
The Fox in the Forest (221965),30,7.2
Ethnos (206718),60,7.48
Clank! In! Space!: A Deck-Building Adventure (233371),90,7.85
Lorenzo il Magnifico (203993),120,7.88
Bruges (136888),60,7.42
Maracaibo (276025),120,8.2
Blood Bowl: Team Manager – The Card Game (90137),120,7.38
Qwixx (131260),15,6.87
Summoner Wars: Master Set (93260),60,7.5
Axis & Allies (98),180,6.56
Oh My Goods! (183840),30,7.0
Rajas of the Ganges (220877),75,7.72
The Werewolves of Miller's Hollow (25821),30,6.72
A Game of Thrones (6472),180,7.2
Thunderstone (53953),60,6.93
Azul: Stained Glass of Sintra (256226),45,7.38
At the Gates of Loyang (39683),120,7.38
Lanterns: The Harvest Festival (160851),30,6.9
High Society (220),30,7.1
Small World Underground (97786),90,7.26
War of the Ring (9609),120,7.77
Ora et Labora (70149),180,7.7
KeyForge: Call of the Archons (257501),45,7.22
PitchCar (150),30,7.27
Between Two Cities (168435),25,7.02
Azul: Summer Pavilion (287954),45,7.78
Age of Empires III: The Age of Discovery (22545),120,7.53
Ca$h 'n Gun$ (19237),30,6.57
Euphoria: Build a Better Dystopia (133848),60,7.24
Eminent Domain (68425),45,7.02
Mystic Vale (194607),45,7.28
Cockroach Poker (11971),20,6.75
This War of Mine: The Board Game (188920),120,7.81
It's a Wonderful World (271324),60,7.82
Las Vegas (117959),30,7.13
Yokohama (196340),90,7.85
Pandemic: The Cure (150658),30,7.29
Steam (27833),90,7.58
Poker (1115),60,6.72
Exit: The Game – The Abandoned Cabin (203420),120,7.5
Coimbra (245638),90,7.67
Downforce (215311),40,7.34
Glass Road (143693),80,7.45
Mascarade (139030),30,6.6
Horrified (282524),60,7.78
Discworld: Ankh-Morpork (91312),60,7.24
K2 (73761),60,7.04
Arcadia Quest (155068),60,7.68
Mission: Red Planet (Second Edition) (176920),90,7.44
Paperback (141572),45,7.18
Pickomino (15818),20,6.57
Monopoly Deal Card Game (40398),15,6.29
La Granja (146886),120,7.65
Barrage (251247),120,8.22
Age of Steam (4098),120,7.8
Karuba (183251),40,7.2
Last Will (97842),75,7.19
Bananagrams (27225),15,6.36
Bora Bora (127060),120,7.57
Thebes (30869),60,7.13
The Game (173090),20,6.71
The Manhattan Project (63628),120,7.35
Citadels (205398),60,7.3
Cryptid (246784),50,7.5
Wizard (1465),45,6.94
Endeavor (33160),90,7.4
Celestia (175117),30,6.97
Burgle Bros. (172081),90,7.51
ICECOOL (177524),30,6.82
Cacao (171499),45,7.09
BattleLore (25417),60,7.36
Rhino Hero (91514),15,6.94
Battleship (2425),30,4.66
Chinatown (47),60,7.35
Fury of Dracula (Second Edition) (20963),180,7.12
Scattergories (2381),30,6.22
Condottiere (112),45,6.85
One Deck Dungeon (179275),45,7.03
Fields of Arle (159675),120,8.08
Torres (88),60,7.11
Queendomino (232043),25,7.24
Bunny Kingdom (184921),60,7.46
Elysium (163968),60,7.22
Cranium (891),60,5.68
Pandemic: Iberia (198928),45,7.91
Glen More (66362),70,7.31
Not Alone (194879),45,7.01
Railroad Ink: Deep Blue Edition (245654),30,7.24
Ticket to Ride: Märklin (21348),60,7.41
Kahuna (394),40,6.62
Onirim (Second Edition) (156336),15,7.07
Cribbage (2398),30,7.07
1960: The Making of the President (27708),120,7.62
Broom Service (172308),75,7.18
Amun-Re (5404),90,7.31
Dungeons & Dragons: Castle Ravenloft Board Game (59946),60,6.98
Loopin' Louie (327),10,6.76
Gizmos (246192),50,7.43
Schotten Totten (372),20,7.32
Pandemic: Reign of Cthulhu (192153),40,7.41
The Taverns of Tiefenthal (269207),60,7.61
Fairy Tale (13823),30,6.72
Colosseum (27746),90,7.22
Nexus Ops (15363),90,7.22
Pit (140),90,6.39
Raptor (177639),30,7.3
Dead of Winter: The Long Night (193037),120,7.62
Calico (283155),45,7.78
Exploding Kittens: NSFW Deck (172242),20,6.23
Navegador (66589),90,7.54
Phase 10 (1258),45,5.14
Imperial (24181),180,7.61
Century: Golem Edition (232832),45,7.69
Once Upon a Time: The Storytelling Card Game (1234),30,6.4
Near and Far (195421),120,7.77
Elfenland (10),60,6.7
Detective: A Modern Crime Board Game (223321),180,7.82
Ricochet Robots (51),30,7.01
Ubongo (16986),25,6.7
XCOM: The Board Game (163602),120,7.04
Sequence (2375),30,6.06
Xia: Legends of a Drift System (82222),180,7.88
Flick 'em Up! (169124),45,6.92
Shadow Hunters (24068),60,6.82
Niagara (13308),45,6.48
Commands & Colors: Ancients (14105),60,7.78
Taluva (24508),45,7.16
Vikings (27173),60,7.25
Kingdom Death: Monster (55690),180,8.61
Jambo (12002),45,7.0
Pirate's Cove (2987),90,6.57
Cuba (30380),120,7.14
Tainted Grail: The Fall of Avalon (264220),120,8.27
Western Legends (232405),90,7.63
Forbidden Stars (175155),180,7.97
Mr. Jack Pocket (72287),15,6.89
Rococo (144344),120,7.59
Runewars (59294),240,7.63
Heroscape Master Set: Rise of the Valkyrie (11170),90,7.43
Blue Moon City (21882),50,7.04
Trains (121408),45,7.15
Lisboa (161533),120,8.2
Eight-Minute Empire (131366),20,6.57
On Mars (184267),150,8.26
Yspahan (22345),60,7.08
Runebound: Second Edition (21523),240,6.88
TransAmerica (2842),30,6.67
Risk Legacy (105134),60,7.41
Dungeon Roll (138788),15,6.11
Red November (36946),120,6.3
Too Many Bones (192135),120,8.43
YINSH (7854),60,7.7
Mystery of the Abbey (915),90,6.54
Deus (162082),90,7.31
Fearsome Floors (7805),60,6.67
Morels (122298),30,6.99
Rise of Augustus (137297),30,6.74
Carcassonne: The Castle (7717),30,7.1
Fantasy Realms (223040),20,7.55
Trickerion: Legends of Illusion (163068),180,7.94
The Downfall of Pompeii (13004),45,7.14
Draftosaurus (264055),15,7.16
Chicago Express (31730),60,7.24
Reef (244228),45,7.07
Altiplano (234487),120,7.52
Kanagawa (200147),45,7.08
Archipelago (105551),240,7.33
Trivial Pursuit: Genus Edition (2952),90,5.23
Spartacus: A Game of Blood and Treachery (128671),180,7.47
Mille Bornes (590),45,5.7
Cartagena (826),45,6.69
A Few Acres of Snow (79828),90,7.39
FUSE (171273),10,7.04
5-Minute Dungeon (207830),30,7.0
Timeline: Inventions (85256),15,6.71
Mage Wars Arena (101721),90,7.62
Checkers (2083),30,4.89
Animal Upon Animal (17329),15,6.81
Cottage Garden (204027),60,6.89
Ghost Blitz (83195),20,6.71
The Red Dragon Inn (24310),45,6.56
Connect Four (2719),10,4.89
Medici (46),60,7.16
Othello (2389),30,6.11
Boggle (1293),10,6.21
Star Wars: Outer Rim (271896),180,7.7
Tiny Epic Kingdoms (148951),45,6.58
Terror in Meeple City (97903),45,6.85
Taj Mahal (475),90,7.28
Pictionary (2281),90,5.83
Endeavor: Age of Sail (233398),90,7.97
Civilization (71),360,7.5
The Great Dalmuti (929),60,6.57
StarCraft: The Board Game (22827),240,7.34
Heaven & Ale (227789),90,7.57
Macao (55670),100,7.42
Colossal Arena (105),60,6.77
Dice Town (40793),45,6.86
Gùgōng (250458),90,7.5
Airlines Europe (90419),75,7.3
The Bloody Inn (180593),60,7.01
Finca (40628),45,7.06
Age of War (155695),30,6.45
Tides of Time (176229),20,6.63
Pulsar 2849 (228341),90,7.71
Watergate (274364),60,7.91
Lancaster (96913),60,7.41
Carson City (39938),90,7.24
Lords of Vegas (20437),90,7.34
Quoridor (624),15,6.66
Quantum (143519),60,7.27
Risk 2210 A.D. (1829),240,6.69
Among the Stars (110277),30,7.07
KLASK (165722),10,7.64
Space Hulk (Third Edition) (54625),60,7.53
AquaSphere (159508),100,7.27
Claustrophobia (36932),45,7.51
Mahjong (2093),120,7.03
Pax Pamir: Second Edition (256960),120,8.36
Star Realms: Colony Wars (182631),20,7.85
Abalone (526),30,6.45
Kill Doctor Lucky (257),45,6.16
Skip-Bo (1269),20,5.51
Evolution: Climate (182134),60,7.59
Smash Up: Awesome Level 9000 (134726),45,7.25
Lord of the Rings: The Confrontation (3201),30,7.2
DC Comics Deck-Building Game (125678),45,7.04
Tiny Epic Quest (201921),60,7.02
Mastermind (2392),20,5.57
MicroMacro: Crime City (318977),45,7.74
Tash-Kalar: Arena of Legends (146278),60,7.18
Dragon Castle (232219),45,7.17
Attika (8051),60,6.99
Blueprints (140933),30,6.82
Cleopatra and the Society of Architects (22141),60,6.8
London (65781),90,7.35
Parade (56692),45,6.97
Rivals for Catan (66056),120,6.97
The Godfather: Corleone's Empire (195539),90,7.55
Quarto (681),20,6.86
Summoner Wars (58281),60,7.25
San Juan (Second Edition) (166669),60,7.49
Wavelength (262543),45,7.44
Zombie Fluxx (29387),40,5.99
Sprawlopolis (251658),20,7.45
Undaunted: Normandy (268864),60,7.85
NMBR 9 (217449),20,6.9
Arkham Horror (Third Edition) (257499),180,7.77
Kalah (2448),10,5.94
Dominoes (2394),30,5.48
Cry Havoc (192457),120,7.18
Get Bit! (30539),20,6.14
Kanban: Driver's Edition (109276),120,7.82
Vast: The Crystal Caverns (170416),75,7.15
Century: Eastern Wonders (242574),45,7.19
Twice as Clever! (269210),30,7.49
Sorry! (2407),30,4.52
Loot (770),20,6.3
Snow Tails (38054),60,6.97
Vegas Showdown (15364),75,7.17
The Castles of Burgundy: The Card Game (191977),60,7.0
Lords of Hellas (222509),90,7.79
Exit: The Game – The Secret Lab (203417),150,7.11
Room 25 (127024),30,6.73
Fog of Love (175324),120,6.85
Steampunk Rally (162007),60,7.21
Dream Home (194880),30,6.91
Fallout (232918),180,6.94
Dungeons & Dragons: Wrath of Ashardalon Board Game (66356),60,7.13
A Game of Thrones: The Card Game (39953),120,6.83
Belfort (50750),120,7.23
Dungeon Fighter (102548),60,6.82
Nidavellir (293014),45,7.71
The Big Book of Madness (171233),90,6.94
Junk Art (193042),30,7.41
Onirim (71836),15,6.65
CV (143986),60,6.61
Stockpile (161614),45,7.52
Imperial 2030 (54138),180,7.67
Tsuro of the Seas (124172),40,6.54
Genoa (1345),120,7.06
Spyrium (137269),75,7.07
Adrenaline (202408),60,7.04
Keltis (34585),30,6.41
Tyrants of the Underdark (189932),60,7.92
Specter Ops (155624),120,7.22
BattleLore: Second Edition (146439),90,7.71
Axis & Allies (10093),240,6.7
Ginkgopolis (128271),45,7.5
Power Grid: Factory Manager (44163),60,6.85
Cthulhu: Death May Die (253344),120,8.15
Loony Quest (136991),30,6.92
Dungeons & Dragons: The Legend of Drizzt Board Game (91872),60,7.24
Yamataï (213893),80,7.22
Dungeon Twister (12995),60,6.82
Balloon Cup (5716),30,6.68
Lord of the Rings: The Confrontation (18833),30,7.48
Epic Spell Wars of the Battle Wizards: Duel at Mt. Skullzfyre (112686),30,6.51
Mamma Mia! (49),30,6.47
Say Anything (33604),30,6.74
Metro (559),30,6.37
Exit: The Game – The Pharaoh's Tomb (203416),90,7.21
Rattus (42452),45,6.79
Warhammer: Invasion (47185),45,7.23
Santa Maria (229220),90,7.52
New York 1901 (174660),60,6.82
Amerigo (137408),90,7.46
Camel Up (Second Edition) (260605),45,7.64
The Networks (72321),90,7.21
Carpe Diem (245934),75,7.57
Steam Park (121410),60,6.86
Manila (15817),60,6.98
51st State: Master Set (192458),90,7.64
Balderdash (163),60,6.46
Dominion (Second Edition) (209418),30,7.9
A Fake Artist Goes to New York (135779),20,7.16
Killer Bunnies and the Quest for the Magic Carrot (3699),45,5.5
Caverna: Cave vs Cave (220520),40,7.17
Dune (121),180,7.61
The Lost Expedition (216459),50,7.07
Blue Moon (9446),30,6.7
Lords of Xidit (156566),90,7.12
Marvel Dice Masters: Avengers vs. X-Men (148575),60,7.15
Pass the Pigs (2593),30,5.39
Majesty: For the Realm (230080),40,6.98
Combat Commander: Europe (21050),180,7.95
Ex Libris (201825),45,7.18
Catan Dice Game (27710),15,5.69
Mint Works (200077),20,7.0
War Chest (249259),30,7.95
World of Warcraft: The Boardgame (17223),180,6.68
Automobile (39351),120,7.33
Junta (242),240,6.69
Star Wars: The Card Game (103886),60,7.18
Viscounts of the West Kingdom (296151),90,7.98
Ashes Reborn: Rise of the Phoenixborn (167400),120,7.3
Stuffed Fables (233312),90,7.53
Fabled Fruit (203427),30,7.02
Chrononauts (815),30,6.2
Louis XIV (13642),100,7.06
Eclipse: Second Dawn for the Galaxy (246900),200,8.68
Blood Bowl (Third Edition) (712),180,7.54
Die Macher (1),240,7.61
Runebound (Third Edition) (181530),180,7.49
Clash of Cultures (40765),240,7.61
Ticket to Ride: New York (253284),15,6.99
Silver & Gold (270673),20,7.31
Blokus Duo (16395),15,6.84
London (Second Edition) (236191),90,7.59
Unstable Unicorns (234190),45,6.28
Mexica (2955),90,7.23
Time's Up! (1353),90,7.29
Defenders of the Realm (65532),90,7.3
Viceroy (157526),60,6.82
The Magic Labyrinth (41916),30,6.82
Skull King (150145),30,7.44
Kodama: The Tree Spirits (181810),30,6.72
Vindication (224783),150,7.83
Talisman (714),240,6.35
Egizia (58421),90,7.41
Love Letter: Batman (168584),20,7.27
L.L.A.M.A. (266083),20,6.49
Myrmes (126792),120,7.27
One Night Ultimate Werewolf: Daybreak (163166),10,7.35
Winner's Circle (1382),60,6.98
Manhattan (199),45,6.72
Nations: The Dice Game (157809),40,6.97
Dream Factory (904),60,7.05
Star Fluxx (102104),40,6.34
The Manhattan Project: Energy Empire (176734),120,7.78
La Isla (154246),60,6.88
First Class: All Aboard the Orient Express! (206941),80,7.45
Villagers (241724),60,7.27
La Città (554),120,7.03
Newton (244711),90,7.6
The Starfarers of Catan (1897),120,6.81
Black Fleet (157403),60,7.01
Guess Who? (4143),20,4.8
Imperial Settlers: Empires of the North (270844),90,7.56
Warhammer Quest: The Adventure Card Game (181521),60,7.35
Munchkin Cthulhu (25071),90,6.21
Doom: The Boardgame (10640),180,6.86
Diamonds: Second Edition (152162),30,6.92
Civilization: A New Dawn (233247),120,7.29
Glen More II: Chronicles (265188),120,7.99
Hoity Toity (120),45,6.52
Tajemnicze Domostwo (113997),60,7.15
Reef Encounter (12962),120,7.14
Hansa (8989),60,6.88
Scoville (145659),90,7.15
Ikusa (221),360,7.02
Monty Python Fluxx (36345),40,6.06
Railroad Ink: Blazing Red Edition (251678),30,7.18
Bruxelles 1893 (144592),125,7.64
1830: Railways & Robber Barons (421),360,7.87
Fort (296912),40,7.28
Vinhos Deluxe Edition (175640),135,8.17
Illuminati (28),180,6.48
Santiago (8125),75,7.11
Awkward Guests (188866),75,7.7
Black Orchestra (156858),90,7.52
Clans (4636),30,6.56
Maharaja: The Game of Palace Building in India (9440),90,7.11
Clank!: Legacy – Acquisitions Incorporated (266507),120,8.7
The Grimm Forest (212402),60,7.13
Fireball Island: The Curse of Vul-Kar (233020),60,6.88
Nusfjord (234277),100,7.65
Cthulhu Wars (139976),120,7.9
Caylus Magna Carta (27364),75,6.91
The Speicherstadt (66505),45,7.03
Cutthroat Caverns (28259),90,6.54
Star Wars: Destiny (205359),30,7.5
Star Wars: Armada (163745),120,7.84
Beyond the Sun (317985),120,8.01
Harbour (155969),60,6.52
Hannibal: Rome vs. Carthage (234),200,7.8
Gears of War: The Board Game (42776),180,7.46
Fleet (121297),45,6.89
Sekigahara: The Unification of Japan (25021),180,8.03
Joking Hazard (193621),90,6.37
Love Letter Premium (196326),30,7.46
Felicity: The Cat in the Sack (32125),20,6.57
Dead Man's Draw (149155),15,6.86
Dice City (179572),60,6.76
Wasabi! (33154),45,6.53
Star Munchkin (4095),90,6.12
Pachisi (2136),30,4.5
Wiz-War (Eighth Edition) (104710),60,7.06
Under Falling Skies (306735),40,7.92
Dune (283355),120,8.08
Hadara (269144),60,7.47
Eight-Minute Empire: Legends (142326),32,6.96
World Without End (43528),120,7.25
Hostage Negotiator (134253),20,6.87
Kingdoms (119),45,6.64
Between Two Castles of Mad King Ludwig (258036),60,7.31
Francis Drake (140603),120,7.41
Snowdonia (119432),90,7.36
The Adventurers: The Temple of Chac (43868),45,6.6
Sherlock Holmes Consulting Detective: Jack the Ripper & West End Adventures (204305),120,7.71
Luna (70512),100,7.31
Meeple Circus (193214),45,7.1
Paths of Glory (91),480,8.06
Marco Polo II: In the Service of the Khan (283948),120,8.08
Wings of War: Famous Aces (9203),30,6.86
Thunderstone Advance: Towers of Ruin (116998),45,7.36
Treasure Island (242639),45,7.3
Antike (19600),120,7.08
DVONN (2346),30,7.45
Two Rooms and a Boom (134352),20,7.0
Discoveries: The Journals of Lewis & Clark (171669),60,7.06
Primordial Soup (124),90,6.94
My City (295486),30,7.82
Vinhos (42052),135,7.48
Honshū (207336),30,6.96
Pandemic: Fall of Rome (260428),60,7.69
Cascadia (295947),45,8.06
Samurai Spirit (158900),30,6.65
Hyperborea (119788),150,7.2
Blackout: Hong Kong (262215),150,7.48
Roma (16496),45,6.76
When I Dream (198454),40,7.04
Risk: The Lord of the Rings (4324),120,5.91
"Labyrinth: The War on Terror, 2001 – ? (62227)",180,7.59
Valeria: Card Kingdoms (170561),45,7.45
The Oracle of Delphi (193558),100,7.29
Epic Card Game (175621),40,6.45
A Touch of Evil: The Supernatural Game (35815),120,6.97
Tribune: Primus Inter Pares (30957),120,7.22
The Pursuit of Happiness (181687),90,7.21
Container (26990),90,7.15
Ave Caesar (494),30,6.63
Coal Baron (143515),75,7.28
My Little Scythe (226320),60,7.33
"Unmatched: Battle of Legends, Volume One (274637)",40,7.94
A Game of Thrones: The Card Game (Second Edition) (169255),120,7.55
Nippon (154809),120,7.68
Hare & Tortoise (361),45,6.63
Chez Geek (553),60,5.72
Werewolf (925),60,6.52
History of the World (224),270,7.12
Valley of the Kings (150999),45,7.04
Timeline: Events (113401),15,6.77
Chinese Checkers (2386),30,5.15
Zombicide Season 2: Prison Outbreak (137988),60,7.39
Evo (1159),120,6.87
Fugitive (197443),20,7.21
Nova Luna (284435),60,7.41
Dale of Merchants (176165),30,7.2
Caesar & Cleopatra (132),60,6.41
China (18100),45,6.98
Happy Salmon (194626),2,6.74
Santiago de Cuba (104347),75,6.9
Vasco da Gama (41002),120,7.23
Dice Throne: Season One (216734),40,7.6
Dixit: Journey (121288),30,7.41
Linko! (153065),20,6.99
Black Stories (18803),20,6.03
Starship Catan (2338),60,6.84
Domaine (5737),60,6.99
San Marco (1041),75,7.17
Hawaii (106217),90,7.14
Rex: Final Days of an Empire (104363),180,7.08
Dice Hospital (218121),90,7.18
Praga Caput Regni (308765),150,8.11
The Palaces of Carrara (129948),60,7.17
Marvel United (298047),40,7.68
Carcassonne: The City (12902),45,7.21
Rune Age (94362),60,6.81
Call to Adventure (238992),60,7.19
Tiny Epic Zombies (244536),45,7.0
Massive Darkness (197070),120,7.2
Battle Sheep (54137),15,6.62
Millennium Blades (151347),120,7.72
Palm Island (239464),15,7.2
Cat Lady (228504),30,7.07
Turn the Tide (1403),30,6.77
Candy Land (5048),30,3.18
Twister (5894),10,4.54
Union Pacific (94),90,7.21
Escape from the Aliens in Outer Space (82168),45,6.94
Unearth (217085),60,6.9
Fauna (35497),60,7.03
Arkadia (25643),60,6.91
Revolution! (34887),60,6.72
Indonesia (19777),240,7.86
Herbaceous (195314),20,7.09
The Builders: Middle Ages (144553),30,6.49
Conan (160010),90,7.69
Mission: Red Planet (18258),60,6.9
Tragedy Looper (148319),120,7.2
Legacy: The Testament of Duke de Crecy (52461),60,7.16
Madeira (95527),150,7.59
Monikers (156546),60,7.8
Villa Paletti (2596),30,6.44
Britannia (240),300,7.2
Oceans (232414),90,7.62
Marrakech (29223),30,6.68
Hacienda (19100),90,6.93
Sword & Sorcery (170771),90,7.99
Via Nebula (191231),60,7.05
Metropolys (25568),45,7.03
Tumblin-Dice (16747),45,7.2
Escape Plan (142379),120,7.58
Core Worlds (98351),120,7.17
Lost Cities: The Board Game (42487),60,6.79
Family Business (170),30,6.08
Haggis (37628),45,6.97
Aeon's End: War Eternal (218417),60,8.38
Paleo (300531),60,7.85
Freedom: The Underground Railroad (119506),120,7.58
Chutes and Ladders (5432),30,2.87
Cold War: CIA vs KGB (24742),60,6.63
Middle-Earth Quest (31563),180,7.38
13 Days: The Cuban Missile Crisis (177590),45,7.28
Rhino Hero: Super Battle (218333),20,7.28
Antiquity (13122),180,7.88
ZÈRTZ (528),60,7.27
Jaws (272738),60,7.23
Terraforming Mars: Ares Expedition (328871),60,7.7
Hearts (6887),30,6.46
Nemo's War (Second Edition) (187617),120,7.93
Shakespeare (180511),90,7.43
The Republic of Rome (1513),300,7.54
Virus! (180020),20,6.76
Planet (252929),45,6.75
Guildhall (132372),45,6.91
Power Grid Deluxe: Europe/North America (155873),120,7.99
Ticket to Ride: The Card Game (34127),30,6.14
Vinci (60),120,7.08
Coconuts (145639),20,7.04
Baseball Highlights: 2045 (151022),45,7.54
Struggle of Empires (9625),240,7.52
Werewords (219215),10,7.15
Unfair (179172),125,7.34
Wyatt Earp (878),45,6.83
Timeline: General Interest (131325),15,6.78
Mississippi Queen (256),45,6.33
Hammer of the Scots (3685),180,7.55
Akrotiri (154458),45,7.23
Dungeon! (1339),30,5.99
Paper Tales (217861),30,7.06
To Court the King (21632),45,6.45
Bausack (1231),45,6.81
Titan (103),240,6.97
Prêt-à-Porter (87890),90,7.38
Risk: Star Wars Edition (183880),45,7.01
Nuns on the Run (65515),45,6.5
Cosmic Encounter (15),90,6.91
Mykerinos (21441),60,6.85
The Duke (36235),30,7.36
Outlive (191051),110,7.35
Babel (986),60,6.66
Warrior Knights (22038),240,6.87
Blokus 3D (6411),20,6.79
Tinners' Trail (35570),90,7.25
1775: Rebellion (128996),120,7.67
Ultimate Werewolf: Ultimate Edition (38159),90,7.0
You're Bluffing! (1117),45,6.58
Friday the 13th (17025),30,6.45
Rialto (119591),45,6.91
Nightfall (88408),45,6.49
Yggdrasil (71671),90,7.04
Operation (3737),10,4.12
Tiny Epic Western (180852),45,6.66
Shipyard (55600),120,7.35
Encore! (206931),20,7.0
Mafia de Cuba (176558),20,6.55
Tales & Games: The Hare & the Tortoise (130176),20,7.09
Smash Up: Science Fiction Double Feature (151004),45,7.28
Munchkin Quest (29678),180,5.85
Flip City (168679),50,6.32
Android (39339),180,6.74
CuBirds (245476),20,6.99
Tide of Iron (22825),120,7.2
Betrayal Legacy (240196),90,7.76
CO₂ (72225),120,7.14
The Red Cathedral (227224),120,7.9
Hit Z Road (176083),60,6.77
Bears vs Babies (211534),20,5.48
Pokémon Trading Card Game (2165),20,6.28
Ligretto (943),10,6.19
Marvel Dice Masters: Uncanny X-Men (158275),60,7.19
A Game of Thrones: Hand of the King (205610),30,6.67
Shear Panic (18866),45,6.36
Homesteaders (26566),90,7.22
Mottainai (175199),30,7.03
Exit: The Game – Dead Man on the Orient Express (226522),120,7.67
Odin's Ravens (4396),30,6.65
Panamax (131287),120,7.32
The Colonists (192836),360,7.61
Witch's Brew (34084),60,7.01
Space Hulk (2163),45,7.47
Sorry! Sliders (37196),30,6.36
Red Rising (329465),60,7.22
Medieval Academy (154386),30,6.95
Istanbul: The Dice Game (235488),40,7.18
Merchant of Venus (Second Edition) (131646),240,7.16
Mare Nostrum: Empires (174785),120,7.56
Cave Troll (4491),60,6.41
Pipeline (256730),120,7.69
Here I Stand (17392),360,7.91
Tekhenu: Obelisk of the Sun (297030),120,7.87
Fortune and Glory: The Cliffhanger Game (95103),240,7.1
Dark Souls: The Board Game (197831),120,6.52
Timeline: Discoveries (99975),15,6.73
Welcome Back to the Dungeon (195043),30,6.76
Black Angel (230244),120,7.36
Tammany Hall (30645),90,7.27
Android: Infiltration (118063),45,6.53
Tides of Madness (195544),20,6.81
I'm the Boss! (115),60,6.78
Canvas (290236),30,7.52
AuZtralia (231581),120,7.39
The Little Prince: Make Me a Planet (134453),25,6.91
Escape Room: The Game (204836),60,7.02
Advanced Squad Leader (243),480,8.0
Luxor (245643),45,7.2
Shadows of Brimstone: City of the Ancients (146791),120,7.96
Jump Drive (205597),30,7.03
Carcassonne Junior (41010),20,6.7
Pandemic Legacy: Season 0 (314040),60,8.64
Yedo (117915),180,7.37
The Others (172047),90,7.37
Krosmaster: Arena (112138),60,6.75
Century: A New World (270970),45,7.43
Sleeping Queens (17053),20,6.48
Martian Dice (99875),10,6.17
Super Motherload (162286),75,7.38
Mandala (264241),20,7.66
Illusion (244995),15,6.77
Risk: The Lord of the Rings Trilogy Edition (8107),180,6.51
Wallenstein (3307),150,7.46
Dragonwood (172933),20,6.63
Tac Tac Jack (39206),10,6.41
Blue Lagoon (244331),45,7.19
Thunderstone Quest (215341),90,7.86
Heimlich & Co. (382),30,6.44
Sub Terra (204472),60,7.38
D-Day Dice (101785),45,6.84
Shadowrun: Crossfire (135382),60,7.16
XenoShyft: Onslaught (159109),60,6.94
Smartphone Inc. (246684),90,7.7
Trouble (1410),45,3.81
Aeon's End: Legacy (241451),90,8.16
Beasty Bar (165950),20,6.82
Lifeboats (249),90,6.59
Frank's Zoo (340),60,6.61
Argent: The Consortium (144797),150,7.68
Le Havre: The Inland Port (129051),30,6.84
Carolus Magnus (481),60,6.82
Battle Cry (551),45,7.15
The Great Zimbabwe (111341),150,7.8
World's Fair 1893 (178336),45,7.19
Anomia (67877),30,6.66
Samurai Sword (128667),40,6.67
Power Grid: The First Sparks (106662),60,6.8
Ascension: Storm of Souls (108784),30,7.29
Dr. Eureka (181345),15,6.61
Bonfire (304420),100,7.84
Tic-Tac-Toe (11901),1,2.7
New York Zoo (300877),60,7.24
Pictomania (98229),25,7.28
Factory Fun (24417),45,6.81
Gravwell: Escape from the 9th Dimension (142992),45,6.9
Aton (19999),30,6.87
Rory's Story Cubes (20545),20,6.28
Fields of Green (200954),45,7.17
The Search for Planet X (279537),60,8.15
The Bottle Imp (619),30,6.74
Web of Power (491),60,7.3
Lovecraft Letter (198740),15,7.23
Stronghold (45986),120,7.15
Ticket to Ride: Rails & Sails (202670),120,7.43
Dragonheart (66171),30,6.53
Leonardo da Vinci (21920),90,6.74
Star Trek: Catan (117985),75,7.0
Blood Bowl: Living Rulebook (15985),120,7.85
TZAAR (31999),60,7.66
Smash Up: The Obligatory Cthulhu Set (143185),45,6.75
Java (855),120,7.01
Mystery Rummy: Jack the Ripper (106),45,6.94
River Dragons (634),30,6.51
Kolejka (85325),60,6.68
Indian Summer (233678),60,6.79
"Air, Land & Sea (247367)",30,7.53
Smash Up: Pretty Pretty Smash Up (168917),45,7.26
Love Letter (277085),20,7.61
The Castles of Burgundy: The Dice Game (232988),30,6.91
Cathedral (7),20,6.52
Hera and Zeus (638),30,6.49
The Rose King (201),30,6.81
SeaFall (148261),180,6.24
Zombicide: Green Horde (224710),60,7.76
Vikings Gone Wild (187377),90,7.18
Star Realms: Frontiers (230253),45,8.0
Cheating Moth (105593),30,6.42
Traders of Osaka (24827),30,6.82
On Tour (251412),20,7.02
Oregon (31497),45,6.76
Earth Reborn (73171),180,7.65
Hotel Tycoon (1502),60,5.49
Ankh: Gods of Egypt (285967),90,7.96
Munchkin Zombies (86955),90,6.21
Space Empires 4X (84419),180,7.7
Forgotten Waters (302723),240,8.05
Trans Europa (16267),20,6.64
Islebound (185589),120,7.18
Imagine (191894),30,6.91
Space Cadets (123096),120,6.58
Time's Up! Title Recall! (36553),60,7.71
Thunder Alley (108906),90,7.32
Meuterer (902),60,6.88
Concordia Venus (256916),120,8.35
New York Slice (208895),30,6.73
Pax Porfiriana (128780),120,7.69
Quiddler (339),30,6.07
Elasund: The First City (19526),90,6.62
Squad Leader (1035),60,7.53
DungeonQuest (Third Edition) (71061),90,6.63
Ghost Fightin' Treasure Hunters (146312),30,7.15
Pentago (19841),5,6.38
Dark Moon (111124),75,7.01
Pandemic: Contagion (157789),30,6.43
Timeline: Music & Cinema (145189),15,6.74
A Study in Emerald (141517),90,7.19
Ascension: Return of the Fallen (95064),30,7.3
We Didn't Playtest This At All (31016),10,5.47
Dead Men Tell No Tales (141423),75,7.12
Star Trek: Fleet Captains (79127),120,7.5
Age of Mythology: The Boardgame (6707),120,6.13
Kitchen Rush (223953),45,7.33
Exit: The Game – The Polar Station (215842),90,6.92
Bloodborne: The Card Game (195856),45,6.9
Archaeology: The New Expedition (191300),20,7.15
Bootleggers (12477),90,6.69
Carcassonne: South Seas (147303),35,7.07
First Martians: Adventures on the Red Planet (192455),90,6.5
Star Wars: Epic Duels (3284),30,7.01
Roads & Boats (875),240,7.73
Around the World in 80 Days (12005),70,6.56
Hamburgum (30381),75,7.05
Tannhäuser (25261),120,6.48
Letter Jam (275467),45,7.27
A la carte (217),30,6.46
Inkognito (466),90,6.59
FITS (40393),45,6.58
Mare Nostrum (3931),120,6.72
Merlin (230933),75,7.12
Archaeology: The Card Game (31105),20,6.67
Dragon's Gold (1042),45,6.43
Aladdin's Dragons (492),90,6.9
Risk (Revised Edition) (37198),90,5.99
Whistle Stop (221318),75,7.12
Escape from Colditz (715),180,6.67
Stick 'Em (354),60,7.04
Betrayal at Baldur's Gate (228660),60,7.13
Destinies (285192),150,8.02
Mr. Jack in New York (55427),30,7.22
Claim (233961),25,7.01
Relic (128442),180,6.77
Pixel Tactics (125548),30,6.89
Insider (206051),15,7.1
"Artifacts, Inc. (168609)",60,6.78
Cthulhu Fluxx (122159),30,6.1
Rat-a-Tat Cat (3837),10,6.22
Odin's Ravens (Second Edition) (192074),30,7.05
Fire & Axe: A Viking Saga (12495),90,7.0
Exit: The Game – The Forgotten Island (215841),90,6.98
Arctic Scavengers (41933),60,6.83
Dwellings of Eldervale (271055),150,8.3
Shards of Infinity (244115),30,7.54
Beyond Balderdash (1544),45,6.82
Oceanos (192860),45,6.84
Feudum (163839),180,7.67
Bandido (191925),15,6.49
Obsession (231733),90,8.34
Medina (1261),60,7.01
That's Life! (17240),30,6.48
Tournay (105037),60,6.99
BattleCON: Devastation of Indines (123123),45,7.9
Famiglia (81453),30,6.44
Indigo (116954),30,6.85
Havana (57925),45,6.85
Crusaders: Thy Will Be Done (170624),60,7.54
GIPF (527),60,7.09
Amyitis (29934),120,6.93
Fjords (15511),30,6.74
Magic: The Gathering – Arena of the Planeswalkers (167698),60,6.24
The King's Dilemma (245655),60,7.91
Saint Petersburg (Second Edition) (156943),60,7.49
Smash Up: Monster Smash (160018),45,7.3
Good Cop Bad Cop (153064),20,6.62
Cthulhu Realms (179303),45,6.71
Conflict of Heroes: Awakening the Bear! – Russia 1941-42 (24800),120,7.5
Automobiles (180680),75,7.27
Cubitos (298069),60,7.62
Blokus Trigon (21550),20,6.89
Wasteland Express Delivery Service (195560),120,7.4
ZhanGuo (160495),120,7.58
Conquest of the Empire (17710),240,6.73
Keythedral (4099),90,7.05
Upwords (1515),90,5.74
Furnace (318084),60,7.51
Munchkin Bites! (12194),90,5.99
The Estates (249381),60,7.48
Fantastic Factories (216600),60,7.49
Codenames: Deep Undercover (205158),15,6.61
"Warhammer 40,000: Conquest (156776)",60,7.36
Maria (40354),210,7.98
A Castle for All Seasons (38386),60,6.73
Pack & Stack (37120),45,6.44
Panic Station (69552),40,6.0
Sidereal Confluence (202426),180,7.83
Ulm (191876),75,7.04
Space Cadets: Dice Duel (142079),30,6.77
Call of Cthulhu: The Card Game (40270),30,6.91
Mariposas (297978),75,7.01
The Climbers (34297),45,6.83
Kanban EV (284378),180,8.62
Mall of Horror (16772),60,6.63
Bridge (2181),60,7.46
Aquatica (283393),60,7.41
The Oregon Trail Card Game (205322),45,4.25
City of Horror (120217),90,6.7
Ecos: First Continent (279254),75,7.18
Deep Space D-6 (183571),30,7.24
Outfoxed! (172931),20,7.19
Star Wars: X-Wing Miniatures Game – The Force Awakens Core Set (183562),45,7.8
Chicken Cha Cha Cha (3570),20,6.57
Lifeboat (4174),60,6.34
Kingmaker (987),240,6.51
Firenze (75449),60,7.25
Catacombs (57390),60,7.08
The Red Dragon Inn 2 (33451),45,6.91
Brew Crafters (139898),90,7.43
Zombie Kidz Evolution (256952),15,7.82
Yomi (43022),30,6.97
Age of Industry (65901),120,7.37
Empire Builder (168),180,6.95
In the Shadow of the Emperor (13780),90,6.87
Ad Astra (38343),60,6.87
Duelosaur Island (247236),45,7.15
Villages of Valeria (180040),60,7.04
Disney Villainous: Wicked to the Core (271518),60,7.65
Snake Oil (113289),30,6.69
51st State (73369),90,6.81
Ticket to Ride: London (276894),15,7.18
Battles of Westeros (67492),120,7.26
Wildlife Safari (398),30,6.64
Zendo (6830),60,7.25
Hallertau (300322),140,8.07
Cargo Noir (90305),90,6.46
Take it Easy! (128),20,6.61
In the Hall of the Mountain King (265402),90,7.77
Sleeping Gods (255984),1200,8.51
Dice Throne: Season Two – Battle Chest (244271),40,8.14
Nuclear War (713),60,6.22
Dutch Blitz (148203),15,6.68
Qwinto (183006),15,7.03
Kremlin (196),75,6.96
Star Trek: Ascendancy (193949),180,7.81
The Crew: Mission Deep Sea (324856),20,8.46
"Aye, Dark Overlord! The Red Box (18723)",30,5.87
Whitehall Mystery (190082),60,7.58
Pente (1295),30,6.64
Reykholt (241831),60,6.75
Cockroach Poker Royal (129736),25,7.05
878 Vikings: Invasions of England (204516),120,7.53
Sushi Roll (271869),20,7.12
Signorie (177678),120,7.42
Commands & Colors: Napoleonics (62222),90,8.01
Treasure Hunter (182189),40,6.77
Tally Ho! (908),30,6.15
Bargain Quest (223740),60,6.95
Catan: Junior (125921),30,6.63
Mouse Trap (2679),30,4.12
Space Crusade (1568),120,7.02
Crown of Emara (256570),75,7.46
Roll For It! (129090),30,6.13
Pirates of the Spanish Main (10653),30,6.08
Plague Inc.: The Board Game (195162),60,7.46
Sleuth (594),45,6.92
New Frontiers (255692),75,7.52
Peloponnes (42910),45,7.11
Planet Steam (23094),180,7.12
Cooper Island (269511),120,7.67
Tang Garden (252153),60,7.53
221B Baker Street: The Master Detective Game (1275),90,5.99
Exit: The Game – The Forbidden Castle (215840),90,6.85
Unlock!: Escape Adventures – Squeek & Sausage (216092),75,7.18
Battle for Rokugan (234477),90,7.47
The Chameleon (227072),15,6.64
Gulo Gulo (6351),20,6.83
Bezzerwizzer (32441),45,6.39
Wildlands (244654),60,7.3
Oath: Chronicles of Empire and Exile (291572),120,8.01
Pan Am (303057),60,7.65
Rack-O (917),45,5.79
Mythic Battles: Pantheon (186751),90,8.43
Founders of Gloomhaven (214032),120,6.69
Money! (125),30,6.53
Favor of the Pharaoh (171011),45,6.79
Blitzkrieg!: World War Two in 20 Minutes (258210),45,7.68
Sylvion (143405),30,7.1
Cockroach Salad (32341),20,6.15
Gentes (217780),90,7.46
Dogs of War (158435),75,7.52
Tortuga 1667 (218530),40,6.95
Cuba Libre (111799),180,7.69
Paris Connection (75358),30,6.69
Ogre (5206),45,6.96
Viral (194690),90,6.98
Drakon (Third Edition) (23107),40,6.47
New Angeles (205716),240,7.12
Axis & Allies Anniversary Edition (35052),360,7.44
Oltre Mare (13551),60,6.64
Exit: The Game – The Sunken Treasure (226518),90,7.09
Asara (72991),45,7.01
Hardback (223750),90,7.24
Cthulhu Dice (65611),5,5.19
Super Munchkin (16933),90,5.87
Sid Meier's Civilization: The Boardgame (3633),360,5.6
Alea Iacta Est (40760),60,6.63
Wooly Wars (3243),30,6.09
DungeonQuest (472),60,6.73
Pay Day (1797),30,4.85
Lotus (198525),30,6.72
Stephenson's Rocket (204),60,6.9
Sons of Anarchy: Men of Mayhem (156091),90,7.28
Khet: The Laser Game (16991),20,6.51
Era: Medieval Age (270971),60,7.26
Raccoon Tycoon (254386),90,7.38
Merchant of Venus (230),180,7.14
Airships (32116),60,6.37
The Captain Is Dead (159503),90,7.13
Warhammer Underworlds: Shadespire (224597),30,7.72
Thunderstone: Dragonspire (85897),45,7.34
Rook (1260),45,6.41
Q.E. (266830),45,7.47
Quelf (19370),60,5.24
Gold West (154086),60,7.35
Illuminati (859),120,6.19
Compounded (118174),90,6.74
Unlock!: Escape Adventures – The Formula (216091),75,7.04
Memory (7688),30,4.74
Liberté (2507),90,7.12
Halli Galli (2944),10,5.79
Ninjato (50768),60,7.18
Forbidden Sky (245271),60,6.52
Campaign Manager 2008 (46255),45,6.65
Dungeoneer: Tomb of the Lich Lord (5576),60,6.11
Rallyman: GT (256589),60,7.32
Café International (214),60,6.23
WarCraft: The Board Game (7479),120,6.12
Enchanted Forest (938),60,5.72
Intrigue (265),45,6.37
Vanuatu (104020),90,7.21
Circus Flohcati (337),15,6.63
Tiny Epic Defenders (155708),30,6.28
Boomtown (10997),30,6.53
Disney Villainous: Evil Comes Prepared (284760),60,7.66
Fuji Flush (203430),20,6.56
Friedrich (12891),210,7.56
Legendary: A Marvel Deck Building Game – Villains (156689),45,7.58
Five Crowns (1472),30,6.01
Merkator (39684),90,7.04
Legacy of Dragonholt (234669),999,7.27
My Village (172381),90,6.95
Olympos (92319),90,6.92
Escape the Dark Castle (227456),45,7.52
Lost Legacy: The Starship (158339),10,6.61
Summoner Wars: Phoenix Elves vs Tundra Orcs (82421),30,7.52
Age of Conan: The Strategy Board Game (27848),90,6.66
Super Dungeon Explore (92190),120,6.79
Strike (123570),15,6.85
Council of 4 (173101),75,7.18
Anno 1800 (311193),120,7.88
Railroad Revolution (207691),90,7.36
Lunch Money (228),20,5.63
Little Town (241266),60,7.27
Pick Picknic (2569),20,6.57
Masmorra: Dungeons of Arcadia (181524),90,7.05
The Awful Green Things From Outer Space (162),90,6.53
Menara (244608),60,7.46
Mountains of Madness (214293),90,6.54
Robo Rally (216201),120,7.05
Strasbourg (91873),60,7.17
Pirate Fluxx (73538),40,6.18
CO₂: Second Chance (214887),120,7.61
The King Is Dead: Second Edition (319966),45,7.83
GOSU (66587),45,6.51
Gift Trap (23686),60,6.41
Trismegistus: The Ultimate Formula (281442),120,7.65
Master Labyrinth (437),30,6.29
Tempus (17161),120,6.48
Rise of Tribes (202583),60,7.21
Zombicide Season 3: Rue Morgue (161866),60,7.55
Leaving Earth (173064),180,7.77
Struggle for Catan (91534),30,6.15
Unusual Suspects (178570),30,6.42
Churchill (132018),300,7.67
Coup: Rebellion G54 (148943),15,7.01
Unmatched: Cobble & Fog (294484),40,8.24
Sail to India (141736),60,6.71
Mystery Express (65907),90,6.56
Spyfall 2 (193308),15,6.95
Ys (12761),90,6.89
Quartermaster General (159473),90,7.35
Legendary Encounters: A Predator Deck Building Game (174570),45,7.46
Risk: Godstorm (10383),120,6.27
Funny Friends (16366),60,6.51
Nefarious (108044),45,6.27
Portobello Market (27356),35,6.39
The Shipwreck Arcana (220517),30,7.48
The Scepter of Zavandor (13884),90,6.97
Circle the Wagons (213266),15,7.17
Trails of Tucana (283864),15,7.46
Ra: The Dice Game (35503),45,6.78
Ponzi Scheme (180899),90,7.19
Hungry Hungry Hippos (5895),10,4.12
Pathfinder Adventure Card Game: Skull & Shackles – Base Set (151007),90,7.3
Mondo (91523),30,6.49
Choose Your Own Adventure: House of Danger (251420),60,6.36
Axis & Allies: Europe (520),210,6.51
Witness (164265),15,7.28
Catacombs (Third Edition) (195137),90,7.56
Bus (552),120,7.53
"Heroes of Land, Air & Sea (198830)",180,7.67
Aquaretto (34194),45,6.98
Pueblo (3228),60,6.93
Alien Artifacts (181293),60,6.64
Löwenherz (66),90,7.03
Barony (167513),45,7.08
Giants (38862),90,6.97
Tri-Ominos (4040),30,5.34
Advanced Squad Leader: Starter Kit #1 (9823),120,7.83
Queen's Necklace (6068),45,6.41
Unlock!: Heroic Adventures (266121),60,7.73
Washington's War (38996),90,7.63
The Great Heartland Hauling Co. (111417),30,6.88
Rallyman (60435),45,7.21
Royals (165986),60,7.16
Tussie Mussie (257614),30,6.96
Isla Dorada (68182),60,6.71
Marvel Heroes (14808),120,6.38
HeroClix (3439),60,6.5
A Study in Emerald (Second Edition) (178054),60,6.93
Masons (21791),45,6.51
Corinth (269725),30,6.77
Crystal Palace (280480),150,7.6
Axis & Allies: 1942 (41863),240,6.91
On the Underground (24773),60,6.9
Fortress America (99),180,6.69
Atlantis Rising (Second Edition) (248490),120,7.76
Palazzo (15318),60,6.54
Warhammer Quest (1634),120,7.48
The Boss (85005),40,6.79
The Witcher Adventure Game (147116),120,6.37
Project L (260180),40,7.57
Nyet! (1107),30,6.79
Fire in the Lake (144189),180,8.07
Twixt (949),30,6.59
Paris: La Cité de la Lumière (276498),30,7.41
Legend of the Five Rings: The Card Game (184151),90,7.44
Crypt (250442),35,6.7
Santa Monica (298065),40,7.39
"Machi Koro: Bright Lights, Big City (205494)",30,6.67
Explorers of the North Sea (176371),60,7.33
Lowlands (242804),100,7.44
The Bridges of Shangri-La (8190),60,6.8
Watson & Holmes (182694),75,7.34
Telestrations: 12 Player Party Pack (153016),30,7.75
Pick Up Sticks (6424),30,4.29
The Battle of Five Armies (135219),240,7.87
Raiders of Scythia (301880),80,7.93
Drako: Dragon & Dwarves (102237),30,6.67
Farkle (3181),30,5.58
Warhammer: The Mass Combat Fantasy Roleplaying Game (1st Edition) (4192),240,6.65
Obscurio (273477),40,7.23
Blood Bowl (2016 Edition) (212445),120,8.05
Big City (70),60,6.86
Word on the Street (40990),20,6.62
Catch Phrase! (2582),30,6.34
Manoeuvre (17396),60,7.3
One Deck Dungeon: Forest of Shadows (224821),45,7.19
Dice Settlers (230267),60,6.96
1846: The Race for the Midwest (17405),240,7.95
Copenhagen (269595),40,7.16
Summoner Wars: Guild Dwarves vs Cave Goblins (82420),30,7.57
Ribbit (9441),20,6.78
Netrunner (1301),45,7.44
Meadow (314491),90,7.88
Chimera Station (163642),90,7.31
Holmes: Sherlock & Mycroft (174078),30,6.83
Euchre (6901),45,6.81
Forum Trajanum (244049),120,7.29
Agricola: Family Edition (205418),45,7.12
Careers (1475),60,5.84
Irish Gauge (161882),60,7.34
Pergamon: Second Edition (90040),45,6.9
Pandemic: Rising Tide (234671),45,7.6
Sluff Off! (8129),30,6.87
"Warhammer 40,000 (Third Edition) (2162)",120,6.52
Château Roquefort (28089),30,6.84
BraveRats (112373),15,6.46
Roam (267319),45,7.41
Star Wars Customizable Card Game (1270),60,6.72
Gang of Four (3085),40,6.61
Superfight (139443),15,5.9
The Settlers of the Stone Age (4394),120,6.57
Kraftwagen (171879),75,7.26
Munchkin Fu (6607),90,5.87
Men at Work (261114),45,7.32
Similo (268620),15,6.89
Catan Histories: Settlers of America – Trails to Rails (67239),120,6.8
Vampire: The Eternal Struggle (2122),120,7.22
Tak (197405),60,7.62
Nothing Personal (120523),120,7.06
Tongiaki: Journey into the Unknown (9028),45,6.22
Heroscape Master Set: Swarm of the Marro (27976),60,7.63
Historia (157096),120,6.89
Tower of Babel (15510),45,6.62
Batman: Gotham City Chronicles (222514),90,7.71
Spirits of the Forest (235375),20,6.89
Beowulf: The Legend (17449),60,6.35
Bingo (7316),60,2.88
Palastgeflüster (32412),45,6.78
Automania (176544),90,7.32
The Prodigals Club (181796),100,7.3
1812: The Invasion of Canada (94246),90,7.34
Monsters Menace America (17835),90,5.98
Shadows of Brimstone: Swamps of Death (150997),180,8.05
Dancing Eggs (8924),10,6.37
Fleet: The Dice Game (245961),45,7.74
Battle Masters (700),60,6.29
Piece o' Cake (37371),20,6.62
Deckscape: Test Time (218311),90,6.67
Serenissima (232),120,6.86
Detective Club (256788),45,7.41
Kingsburg (Second Edition) (199966),120,7.46
Kamisado (38545),20,6.91
Um Reifenbreite (442),90,6.8
Sun Tzu (18745),30,7.06
Sushizock im Gockelwok (37400),20,6.46
Dragonfire (226501),90,7.24
Drop It (244916),30,6.93
Abandon All Artichokes (302260),20,6.74
The Hanging Gardens (34707),45,6.78
Ambush! (1608),240,7.46
La Granja: No Siesta (195528),45,6.81
Relic Runners (144270),80,6.61
The City of Kings (207243),180,7.68
Cloud 9 (632),30,6.48
Power Struggle (55697),105,6.98
Carcassonne: Star Wars (180564),35,6.72
The City (103649),30,6.53
Sentient (223855),60,7.24
Bob Ross: Art of Chill Game (231696),30,6.83
Sea of Clouds (189052),45,6.69
Walnut Grove (103185),60,6.98
Greed (151247),30,6.66
Saint Malo (117960),45,6.46
Princes of the Renaissance (8045),180,7.34
Unbroken (225885),30,6.0
Polis: Fight for the Hegemony (69779),120,7.57
Qin (127997),30,6.79
Ohanami (270314),20,7.37
Kingsport Festival (154509),90,6.69
The Golden Ages (164338),90,7.28
The Magnificent (283863),90,7.62
Adventure Land (183231),45,6.91
Wits & Wagers Party (123239),25,6.91
My First Stone Age (191004),15,6.66
Escape Tales: The Awakening (253214),360,7.16
New World: A Carcassonne Game (34615),45,6.47
König von Siam (29937),30,6.91
Doomtown: Reloaded (156714),30,7.14
Carcassonne: The Discovery (16216),30,6.49
The Staufer Dynasty (166226),90,7.16
Solenia (254018),45,7.1
Set a Watch (228855),80,7.32
Quo Vadis? (122),45,6.46
Up Front (586),60,7.87
Oasis (9027),60,6.7
Spades (592),60,6.77
Car Wars (2795),45,6.41
Ishtar: Gardens of Babylon (271088),45,7.1
Sobek (67185),40,6.65
R-Eco (15290),20,6.61
Coffee Roaster (196526),30,7.49
The Castle of the Devil (25951),40,6.43
Pairs (152237),15,6.35
Wir sind das Volk! (165401),150,7.83
Copycat (114031),95,6.73
5-Minute Marvel (253618),5,6.88
Evo (Second Edition) (107255),60,6.94
The Game of Things (10934),45,6.08
O Zoo le Mio (4218),60,6.61
PitchCar Mini (14254),30,6.96
Arkwright (154825),240,7.84
Age of Renaissance (26),300,7.1
Himalaya (3800),60,7.0
Royal Palace (38992),60,6.88
Black Rose Wars (239942),90,8.1
Riverboat (227515),90,7.48
Bottom of the 9th (166286),20,6.77
Long Shot (40237),60,6.72
Last Bastion (285984),45,7.61
Fist of Dragonstones (4471),45,6.16
What the Heck? (175),20,6.46
Star Wars: The Queen's Gambit (939),120,7.56
King Up! (7806),30,6.38
Reavers of Midgard (242684),120,7.47
Agra (230085),120,7.34
Oriflamme (287084),30,7.2
Give Me the Brain! (176),15,5.84
Mexican Train (11634),20,5.72
Hamsterrolle (903),40,6.81
Star Wars: X-Wing (Second Edition) (252328),45,8.22
Thanos Rising: Avengers Infinity War (248158),90,7.17
Codenames: Disney – Family Edition (220775),15,6.7
City of the Big Shoulders (214880),180,7.85
1989: Dawn of Freedom (26997),150,7.79
Guilds of London (134157),90,6.85
Startups (223770),20,7.14
Too Many Bones: Undertow (235802),180,8.74
Arcadia Quest: Inferno (179803),120,7.97
Go Nuts for Donuts (184346),20,6.48
Porta Nigra (172385),120,7.19
Pandemic: Rapid Response (280789),20,6.66
Battleball (6795),45,6.27
Descent: Legends of the Dark (322708),180,7.99
Otys (222542),60,7.01
Merv: The Heart of the Silk Road (306040),90,7.71
Dungeon Mayhem (260300),10,6.99
Discover: Lands Unknown (258244),120,5.89
10 Days in the USA (7866),30,6.49
Hellas (4529),60,6.18
Cloudspire (262211),180,8.27
The Flow of History (204574),90,6.8
13 Dead End Drive (1899),45,6.02
Spicy (299169),20,7.24
Empires of the Void II (218509),180,7.51
Arena: Roma II (56931),45,6.88
Patchistory (144041),120,7.12
Imhotep: The Duel (255674),30,7.13
Fief: France 1429 (152470),240,7.45
The Ancient World (147253),90,7.0
Munchkin Booty (31920),90,6.23
Sylla (35761),90,6.72
Kittens in a Blender (115105),40,5.7
Zombie 15' (144826),15,6.86
Great Wall of China (22198),30,6.19
Tiki Topple (34373),20,6.45
Trapwords (257527),45,6.99
Museum (204505),60,7.23
Duplik (22348),45,6.98
Würfel Bohnanza (111148),45,6.67
A War of Whispers (253499),60,7.45
Orbis (255507),45,6.68
Axis & Allies: D-Day (10081),120,6.43
Pax Renaissance (198953),120,8.03
Murano (163413),75,7.2
Take 5! (153),60,6.5
Terra (153507),60,6.81
Rise of Empires (30658),180,7.04
Pastiche (91620),60,6.83
Return of the Heroes (8170),90,6.49
Evolution: The Origin of Species (71021),60,6.26
Toledo (34599),60,6.25
Level 7 [Omega Protocol] (137649),90,7.46
Monza (4209),10,6.61
KeyForge: Age of Ascension (272453),45,7.35
7 Wonders (Second Edition) (316377),30,8.1
Trias (4249),45,6.44
Blockers! (29073),40,6.67
Epic Spell Wars of the Battle Wizards: Rumble at Castle Tentakill (173200),45,6.64
Magic Realm (22),240,7.21
Mythos Tales (126100),120,7.42
Empires: Age of Discovery (173442),150,7.87
Secrets (200847),35,6.48
Ascending Empires (37919),75,7.18
Urban Sprawl (62220),180,6.76
Trambahn (175293),45,6.95
Impulse (144239),60,6.82
Heroes of Normandie (53093),60,7.47
Tiny Epic Dinosaurs (291508),60,7.42
Code 777 (443),60,6.72
Beyond Baker Street (168681),20,6.87
Animals on Board (191572),30,6.55
The Adventurers: The Pyramid of Horus (98315),45,6.8
Tanto Cuore (65282),45,6.87
Wooden Ships & Iron Men (237),60,7.05
Kashgar: Merchants of the Silk Road (143175),45,7.08
Abomination: The Heir of Frankenstein (239472),180,7.5
Cube Quest (137330),15,6.82
Roll For It! Deluxe Edition (164812),30,6.62
Gingerbread House (258444),30,7.03
Honey Buzz (284742),90,7.85
Helvetia (103092),90,6.98
5 Second Rule (86073),30,5.49
World of Warcraft: The Adventure Game (29294),120,6.16
Walking in Burano (257769),40,7.18
Jórvík (193739),90,6.83
Puzzle Strike (67928),20,6.65
Axis & Allies Europe 1940 (61692),360,7.56
La Boca (136280),40,6.98
Cerebria: The Inside World (218479),120,7.82
Mint Delivery (230251),30,6.23
The Castles of Tuscany (300327),60,7.35
Orchard: A 9 card solitaire game (245487),10,7.46
Cheaty Mages! (38194),30,6.25
Tantrix (1038),30,6.32
B-17: Queen of the Skies (1032),20,7.08
10 Days in Europe (5867),30,6.6
Waterworks (333),30,5.53
Entdecker: Exploring New Horizons (1334),90,6.5
Ingenious: Travel Edition (22484),30,7.09
Evolution: The Beginning (201248),30,6.67
Xiangqi (2393),60,7.12
Exit: The Game – The Sinister Mansion (226520),90,7.4
Modern Art Card Game (40381),30,6.63
A House Divided: War Between the States 1861-65 (701),240,7.07
Axis & Allies: Pacific (1262),240,6.67
Seeland (63759),60,6.91
VivaJava: The Coffee Game: The Dice Game (139899),40,6.62
LCR (3522),20,3.46
Chronicles of Crime: 1400 (300300),90,7.92
Capital Lux (205046),30,7.04
Dawn of the Zeds (Third Edition) (175095),120,8.19
10 Days in Africa (7865),30,6.56
Valdora (40769),60,6.79
Dungeon Raiders (80771),60,6.68
SpaceCorp: 2025-2300AD (214029),240,7.68
Mag·Blast: Third Edition (23142),20,6.02
2 de Mayo (36522),20,6.91
Verräter (72),60,6.69
Exit: The Game – The Mysterious Museum (244918),90,7.19
Hab & Gut (38863),45,7.08
Heroes of Terrinoth (254591),60,7.35
Nefertiti (35435),45,7.0
The River (257759),45,6.64
Blink (1197),10,5.92
Formula Motor Racing (635),20,6.41
Black Sonata (231218),30,7.54
Rise and Decline of the Third Reich (1563),1440,6.91
Steel Driver (37387),60,6.98
Middle-earth (1915),90,7.3
Frag (2025),30,5.67
De Vulgari Eloquentia (75165),120,7.22
Zooloretto: The Dice Game (117942),15,6.38
Adventure Games: The Dungeon (267813),75,7.05
Unlock!: Mystery Adventures – The House on the Hill (230303),60,7.04
Lords of Scotland (67888),35,6.78
Warhammer: Diskwars (146418),90,7.08
Atlantis (55253),45,6.51
String Railway (76674),30,6.34
League of Six (31624),120,6.79
World of Warcraft Trading Card Game (19643),20,6.71
Prophecy (8095),180,6.65
Unmatched: Robin Hood vs. Bigfoot (274638),20,8.13
DinoGenics (210296),120,7.69
Muse (234396),30,6.69
Wits & Wagers Family (66588),20,6.93
One Night Ultimate Vampire (180956),10,6.7
Cardline: Animals (130882),15,6.57
Da Vinci Code (8946),15,6.11
Wendake (229265),120,7.53
Naga Raja (244191),30,7.21
Dale of Merchants 2 (191597),30,7.34
Bugs in the Kitchen (137909),20,6.13
Kobayakawa (142325),15,6.33
Razzia! (12589),45,6.83
Tiny Epic Mechs (257283),60,6.84
Triumph & Tragedy: European Balance of Power 1936-1945 (130960),360,8.16
Throw Throw Burrito (274533),15,6.57
Rick and Morty: Total Rickall Card Game (194232),30,6.19
The Fox in the Forest Duet (288169),30,7.17
Ivanhoe (883),45,6.54
Spirits of the Wild (256606),30,7.36
Memoarrr! (230383),20,6.93
Deadwood (96713),60,6.37
Pyramid of Pengqueen (36648),45,6.89
Dead Last (184522),90,6.33
Phoenicia (28620),90,6.55
"...and then, we held hands. (153999)",45,6.06
Calimala (199383),75,7.2
Expedition: Northwest Passage (71074),60,6.98
Gambit Royale (24509),30,6.46
Imperium: Classics (318184),120,7.84
OddVille (123219),60,6.78
Custom Heroes (223049),45,6.83
Heroscape Marvel: The Conflict Begins (24703),60,7.01
Unlock!: Mystery Adventures – The Nautilus' Traps (230304),60,5.96
Here to Slay (299252),90,7.06
Arcana (45134),60,6.12
Ugg-Tect (60131),45,6.3
Zombicide: Invader (248065),60,7.89
Witch of Salem (38506),60,6.64
Powerboats (38531),60,6.71
Okiya (125311),10,6.57
Caylus 1303 (284818),90,7.59
Progress: Evolution of Technology (140717),90,6.53
Attack! (6752),180,5.84
Coin Age (146130),15,6.04
Mysterium Park (301767),45,7.33
Mü & More (152),60,7.16
Founding Fathers (37358),90,6.97
Perikles (21954),120,6.9
Council of Verona (140863),20,6.32
Candamir: The First Settlers (12004),60,6.17
Castellion (143404),30,6.94
Medina (Second Edition) (167270),60,7.22
Karmaka (172552),60,6.61
Necromunda (3072),30,7.31
Star Trek: Attack Wing (139771),60,7.5
Iliad (21654),45,6.52
"Run, Fight, or Die! (89910)",40,6.89
Ancient Terrible Things (137031),60,6.79
"Time of Crisis: The Roman Empire in Turmoil, 235-284 AD (164949)",180,7.65
Cthulhu Gloom (95234),60,6.39
Campy Creatures (214396),30,7.08
Carnival of Monsters (231484),45,7.29
Noria (233676),120,6.52
Valley of the Kings: Afterlife (175223),45,7.27
New England (5406),90,6.47
Elk Fest (403),15,6.15
Colony (192934),60,6.63
BattleCON: War of Indines (89409),60,7.72
Keyper (212516),120,7.33
Dungeons & Dragons: The Fantasy Adventure Board Game (6366),60,6.56
Flip Ships (223215),45,7.04
Monopoly: Star Wars (1298),90,4.95
Tales & Games: The Three Little Pigs (135649),20,6.44
Dungeons & Dragons: Temple of Elemental Evil Board Game (172220),60,7.4
New Bedford (157413),60,7.09
Timeline (128664),15,6.46
Resident Evil Deck Building Game (79073),30,6.58
Rise to Nobility (218293),150,7.01
Petrichor (210274),80,6.97
Legendary Encounters: A Firefly Deck Building Game (195571),90,7.14
Outburst! (4862),60,5.82
Helios (154182),60,6.75
Bloodborne: The Board Game (273330),75,7.99
P.I. (129050),60,6.7
Drum Roll (86246),90,6.89
Chronicle (54307),30,6.81
Best Treehouse Ever (171890),20,6.56
Hellapagos (224272),20,6.63
Clue (130592),40,6.01
Sitting Ducks Gallery (17027),20,6.13
Khronos (25674),90,6.34
The Witches: A Discworld Game (137095),90,6.15
Wacky Wacky West (19),45,6.29
The Battle for Hill 218 (32484),30,6.61
Escape from the Hidden Castle (444),30,6.32
The Hobbit (83629),45,5.97
Seven Dragons (98085),30,6.28
Cahoots (246761),20,7.18
Rage (568),45,6.16
The Dwarf King (85250),40,6.55
MindTrap (1923),60,4.78
The Cave (129351),60,6.5
Unlock!: Escape Adventures – The Island of Doctor Goorse (216094),60,6.71
Thunderbirds (160610),60,7.55
Lost Valley (9341),60,6.72
Haspelknecht (169794),90,7.26
Warsaw: City of Ruins (206803),60,7.34
Hermagor (25224),120,6.9
Harvest Dice (231280),30,6.68
Koryŏ (140535),20,6.62
Poo: The Card Game (60579),15,5.59
Maquis (148729),30,7.39
Tokyo Highway (215463),50,6.74
Star Wars: Empire vs. Rebellion (160964),60,6.3
Smash Up: It's Your Fault! (177802),60,7.54
Rum & Bones (168788),60,6.95
DC Comics Deck-Building Game: Heroes Unite (142852),45,7.4
The Manhattan Project: Chain Reaction (177249),40,6.47
Trains: Rising Sun (157001),45,7.45
Timbuktu (691),60,6.66
Kokoro: Avenue of the Kodama (227758),15,6.8
Rum & Pirates (19948),60,6.43
Eurorails (157),240,7.09
Wealth of Nations (32666),120,6.93
Industria (8124),60,6.44
El Capitán (29972),75,6.77
Piepmatz (246200),40,7.13
Mundus Novus (103686),60,6.67
Puzzle Strike: Third Edition (123607),20,7.22
Wings of War: Watch Your Back! (9910),20,6.97
Riff Raff (118695),30,6.94
Infinite City (46807),45,6.19
Mythotopia (133632),120,6.83
Conflict of Heroes: Awakening the Bear! – Operation Barbarossa 1941 (Second Edition) (132028),180,7.95
Pylos (1419),10,6.3
Circadians: First Light (264052),90,7.68
Game of Trains (180602),20,6.36
Creationary (41833),60,5.89
Loopin' Chewie (173341),15,6.33
Transatlantic (163805),120,7.09
Android: Mainframe (193557),30,6.61
Key Harvest (29839),90,6.72
Aeon's End: The New Age (270633),60,8.67
Atlantic Star (2570),60,6.85
Theseus: The Dark Orbit (144529),90,7.07
Pioneer Days (200057),60,7.29
DOOM: The Board Game (205317),180,7.46
Unexploded Cow (1690),25,6.07
Carcassonne: Winter Edition (131014),40,7.5
Andean Abyss (91080),360,7.62
Carcassonne: Amazonas (206940),35,7.08
Walk the Plank! (35505),20,6.57
The Binding of Isaac: Four Souls (255664),60,7.16
Imperial Settlers: Roll & Write (270836),30,6.39
Prosperity (145203),60,6.67
Unlock!: Mystery Adventures – The Tonipal's Treasure (230305),60,7.04
Ticket to Ride: First Journey (U.S.) (205125),30,6.92
Hadrian's Wall (304783),60,8.12
Ultimate Werewolf: Deluxe Edition (152242),30,7.09
Polarity (380),20,6.36
Aquarius (814),30,6.05
Diamonds Club (37907),75,7.04
UBOOT: The Board Game (219100),120,7.71
20th Century (85036),120,6.84
Wilderness War (1822),180,7.71
Fallout Shelter: The Board Game (293889),90,7.3
Splendor: Marvel (293296),30,7.7
Gheos (23730),60,6.51
Power Grid: The Card Game (203780),60,6.73
Gobblet (2266),20,6.6
Infinity Gauntlet: A Love Letter Game (304285),15,7.13
Napoleon's Triumph (18098),180,7.98
Quests of Valeria (187680),45,6.96
Show Manager (73),60,7.0
Bombay (40214),60,6.26
Yellow & Yangtze (244114),90,7.89
Cytosis: A Cell Biology Board Game (202977),90,7.06
Deckscape: The Fate of London (230498),60,6.25
Salem 1692 (175549),35,7.05
Star Trek Panic (193737),90,7.01
Love Letter: The Hobbit – The Battle of the Five Armies (169611),30,7.11
Buccaneer (22287),30,6.27
Funemployed (142296),30,6.73
Folklore: The Affliction (159504),120,7.78
Auf Achse (110),60,6.24
PanzerBlitz (2238),90,6.55
Pocket Mars (223779),30,6.49
Axis & Allies Pacific 1940 (55829),360,7.51
Summoner Wars: Alliances Master Set (158889),45,8.09
Antike Duellum (104955),75,7.07
Castaways (71906),120,6.97
Bazaar (287),45,6.52
Disney Villainous: Perfectly Wretched (299047),60,7.83
Monopoly Gamer (230408),60,6.39
Maximum Apocalypse (188547),90,7.59
Cadwallon: City of Thieves (69120),45,6.28
PÜNCT (19764),30,6.79
Mistfall (168274),120,6.68
Escape the Room: Mystery at the Stargazer's Manor (193560),90,6.57
Dimension (153318),30,6.84
Dracula (7804),30,6.21
Duel of Ages Set 1: Worldspanner (6050),120,6.56
Ground Floor (38765),150,7.02
Conspiracy: Abyss Universe (276042),30,7.38
Megaland (251293),20,6.7
Dragon Slayer (158243),15,5.6
Undaunted: North Africa (290359),60,7.92
What Do You Meme? (226610),90,5.13
Crisis (128721),120,7.55
Zombie in My Pocket (33468),5,6.31
Tempel des Schreckens (206915),15,7.1
Container: 10th Anniversary Jumbo Edition! (229892),90,7.69
Ghost Blitz 2 (118705),30,6.77
Love Letter: Adventure Time (175307),20,7.23
Subbuteo (3720),20,6.96
Masterpiece (1501),60,5.7
Terra Nova (20022),45,6.42
Buffy the Vampire Slayer: The Game (805),90,6.63
Carrom (5072),60,7.05
Police Precinct (118536),90,6.88
Skyjo (204135),45,6.84
Thief's Market (182351),50,6.49
Castle (655),30,6.1
El Gaucho (162823),60,6.81
Mord im Arosa (80006),45,6.55
Ascension: Rise of Vigil (138233),30,7.17
The Princes of Machu Picchu (36811),90,6.96
Galaxy Defenders (138431),120,7.45
Assyria (43152),90,6.82
Pantheon (94480),90,6.73
Machi Koro Legacy (259081),45,7.04
Legend of the Five Rings (1887),45,7.15
Spooky Stairs (12346),15,6.43
Panic Lab (121073),30,6.11
Conquest of Planet Earth: The Space Alien Game (71882),90,6.87
Lord of the Fries (1536),45,5.96
Escape from Atlantis (24037),60,6.57
Medici vs Strozzi (24762),30,6.5
Basari (14),25,6.76
Edo (113636),60,7.07
City of Iron (123499),120,7.19
Rent a Hero (135116),30,6.33
Space Hulk (Fourth Edition) (165838),60,7.97
Blackjack (10816),30,4.67
Space Dealer (23451),30,6.53
The Dresden Files Cooperative Card Game (187273),30,7.06
Kemet: Blood and Sand (297562),120,8.23
Tidal Blades: Heroes of the Reef (233262),90,7.72
Horus Heresy (63543),135,7.06
Myth (140519),120,6.6
Exodus: Proxima Centauri (122842),180,7.16
D-Day at Omaha Beach (29603),480,8.29
Royal Visit (22245),30,6.59
Samarkand: Routes to Riches (66214),45,6.88
Keltis: Das Kartenspiel (40832),20,6.68
Aquädukt (21641),30,6.4
Gloom of Kilforth: A Fantasy Quest Game (98527),180,7.61
Trekking the World (300442),60,7.12
Perry Rhodan: The Cosmic League (30367),30,6.74
Etherfields (280794),180,8.02
Back to the Future: Back in Time (302388),50,7.32
NEOM (246663),45,7.36
Steam Time (180592),90,7.11
Deep Madness (202077),120,7.91
Star Trek: Frontiers (182340),240,7.88
Agents of SMERSH (111105),90,6.98
Panzer Leader: Game of Tactical Warfare on the Western Front (2639),90,6.65
Kings & Things (58),120,6.51
The King Is Dead (172996),50,7.14
Rolling America (180198),15,6.37
Mordheim: City of the Damned (3565),60,7.31
Munchkin Adventure Time (146735),120,6.47
Aqua Romana (20080),60,6.32
Eat Poop You Cat (30618),20,7.45
The Red Dragon Inn 3 (66510),60,7.18
Ubongo 3D (46396),30,7.1
Taco Cat Goat Cheese Pizza (253664),30,6.87
Sanctum (276830),100,7.16
1st & Goal (95105),150,6.54
Shogi (2065),60,7.37
Wiz-War (589),60,6.88
Talisman (Third Edition) (5336),120,6.34
Saboteur: The Duel (168215),30,6.06
Whistle Mountain (301255),90,7.78
Excape (357),30,6.35
The Reckoners (208024),100,7.73
En Garde (169),30,6.5
Rising 5: Runes of Asteros (185196),25,6.56
Minecraft: Builders & Biomes (269603),60,7.06
Spaceteam (184491),5,6.65
Castell (238638),90,7.49
Alma Mater (299960),150,7.55
Longhorn (148290),15,6.56
Abracada...What? (163930),30,6.58
Happy Pigs (156138),45,6.82
Super-Skill Pinball: 4-Cade (302524),30,7.29
Völuspá (128554),45,6.66
Circus Maximus (244),120,6.75
Scarab Lords (4488),40,6.02
Attila (827),45,6.48
Iron Dragon (130),240,7.0
David & Goliath (44),60,6.46
StreetSoccer (3421),30,6.53
Monopoly Junior (5339),45,4.31
The End of the Triumvirate (20134),90,6.79
Paris (282954),90,7.34
Risk: Star Wars – Clone Wars Edition (15045),120,6.02
Lost Legacy: Flying Garden (158340),10,6.7
Mercado de Lisboa (262477),45,6.82
Fast Flowing Forest Fellers (38548),30,6.51
Lucky Numbers (118247),20,6.27
One Night Revolution (176361),15,6.11
Fireball Island (1768),45,6.46
Virgin Queen (41066),420,8.05
Three-Dragon Ante (20806),20,6.47
Star Wars Miniatures (11229),60,6.89
Second Chance (265683),15,6.71
Horse Fever (58110),90,6.95
Star Wars: Unlock! (312267),60,7.12
Rail Baron (420),240,6.59
Isle of Trains (154906),45,6.8
Mangrovia (165948),75,7.16
Sword of Rome (7480),360,7.33
Middara: Unintentional Malum – Act 1 (169427),60,8.84
Eminent Domain: Microcosm (163640),15,6.38
Parfum (172546),45,6.5
Il Vecchio (119391),60,6.92
Small World of Warcraft (309630),80,7.53
Merchants of Amsterdam (531),60,6.71
Mesopotamia (19301),45,6.51
Ladies & Gentlemen (124380),30,6.49
12 Thieves (22278),45,6.43
Clinic: Deluxe Edition (272739),150,7.74
Rurik: Dawn of Kiev (228328),120,7.83
Piraten kapern (117663),30,6.31
7 Wonders: Architects (346703),25,7.21
Unlock!: Timeless Adventures (279613),90,7.91
Empire of the Sun (11825),360,8.24
Rummy (15878),60,5.8
Scrabble Slam! (40508),15,5.12
Coloma (264982),90,7.4
504 (175878),120,6.27
The Artemis Project (254713),75,7.32
For the People (833),360,7.77
Asante (136056),40,6.84
Ascension: Immortal Heroes (122294),30,7.34
"The Hunters: German U-Boats at War, 1939-43 (113873)",120,7.77
The Bucket King (3141),45,6.32
Maori (40425),30,6.59
Guesstures (2379),10,5.91
Omen: A Reign of War (94104),30,7.34
Imaginarium (218804),90,7.19
Rheinländer (111),45,6.62
A Distant Plain (127518),300,7.86
Dungeons & Dragons: Conquest of Nerath Board Game (92044),240,6.94
Divinare (118418),30,6.73
Beowulf: The Movie Board Game (29308),60,6.32
Combat Commander: Pacific (28181),180,8.11
Forge War (146221),180,7.23
No Retreat! The Russian Front (68264),360,7.78
Gaïa (163920),30,6.24
Neanderthal (171662),120,7.33
Trash Pandas (216439),20,6.62
Stronghold: 2nd edition (179460),90,7.48
The Builders: Antiquity (161226),30,6.71
Québec (91984),75,7.13
Go Fish (7682),20,3.64
Heroes Wanted (153097),45,6.76
The Ark of the Covenant (6779),30,6.96
Runebound (9829),120,6.2
Paranormal Detectives (280136),50,7.14
Chakra (267378),30,6.95
Flick 'em Up!: Dead of Winter (207016),45,6.7
High Frontier (47055),180,7.38
King's Breakfast (6263),15,6.17
Robin Hood and the Merry Men (232666),90,6.84
Shadows: Amsterdam (246297),20,6.66
11 nimmt! (63706),30,6.29
HeroQuest Advanced Quest (22192),90,7.32
Unspeakable Words (24304),30,6.23
Constantinopolis (31483),90,6.87
Shipwrights of the North Sea (75547),60,6.41
Detective: City of Angels (218074),150,7.97
The Great Fire of London 1666 (41569),120,6.5
Industrial Waste (2476),60,6.68
Dungeon Run (66424),60,6.23
IOTA (119632),30,6.17
Deckscape: Heist in Venice (245045),90,6.75
The Name of the Rose (35488),75,6.82
Tawantinsuyu: The Inca Empire (306481),120,7.63
Tesla vs. Edison: War of Currents (132544),90,6.7
Stop Thief! (215312),60,7.02
IKI (177478),90,7.73
Kingdomino Duel (281960),20,6.87
Falling Sky: The Gallic Revolt Against Caesar (163154),360,7.89
Livingstone (40444),35,6.44
Caribbean (13301),30,6.19
Imperial Struggle (206480),240,8.33
Clue: The Great Museum Caper (1484),30,6.77
Coyote (8172),30,6.63
"Edel, Stein & Reich (5781)",60,6.9
King's Forge (126996),60,6.96
Hellboy: The Board Game (243759),90,7.91
Conquest of Paradise (15954),90,6.95
Risk: Game of Thrones (179719),240,6.71
Coal Baron: The Great Card Game (192945),80,7.11
City of Spies: Estoril 1942 (169318),60,7.04
Streetcar (1597),60,6.46
Trial by Trolley (282171),90,6.26
Old Maid (10799),5,3.65
Star Trek: Expeditions (79131),60,6.47
Blood Bound (130877),30,6.61
Pagoda (154003),45,6.63
Ark Nova (342942),150,8.7
Before the Wind (28723),75,6.63
"Julius Caesar: Caesar, Pompey, and the Roman Civil War (37836)",120,7.79
Patchwork Doodle (264239),20,6.65
Nottingham (21754),30,6.26
Harry Potter: Hogwarts Battle – Defence Against the Dark Arts (254192),60,7.26
Catan: Portable Edition (3972),90,6.75
Imaginiff (2750),30,5.52
Ta Yü (117),45,6.96
Patrician (30241),50,6.62
Trivial Pursuit: Star Wars Classic Trilogy Collector's Edition (1297),90,5.57
Snorta! (11231),20,6.11
The Agents (141932),40,6.26
Senji (33107),90,6.51
Master of Orion: The Board Game (193322),60,6.96
Star Trek: Five-Year Mission (178613),45,6.52
Wicked Witches Way (28025),30,6.41
Good & Bad Ghosts (2290),15,6.36
The Lord of the Rings Trading Card Game (2603),45,6.94
Edge of Darkness (229491),120,7.54
The Island of El Dorado (230191),80,6.69
Carcassonne: Gold Rush (163370),35,7.16
Scene It?: The DVD Movie Game (4864),30,5.51
Montana (233955),45,6.75
Capitol (1155),60,6.81
DOG (2633),45,6.35
Covert (187653),90,7.12
Dungeons & Dragons Dice Masters: Battle for Faerûn (160902),60,7.24
Merchants Cove (277700),90,7.68
Mad Gab (764),45,5.01
Gemblo (19427),30,6.8
Space Beans (222),40,6.09
Wars of the Roses: Lancaster vs. York (58936),180,7.35
The Mad Magazine Game (1604),60,4.95
The Golden City (40770),60,6.57
Conflict of Heroes: Storms of Steel! – Kursk 1943 (38823),120,7.7
The Expanse Board Game (220792),60,7.2
Sanssouci (146816),45,7.13
Yardmaster (154634),20,6.34
Zombies!!! 4: The End... (10167),120,6.18
Safranito (66849),45,6.91
The Pillars of the Earth: Builders Duel (40831),45,6.54
Avenue (205045),15,6.86
Human Punishment: Social Deduction 2.0 (225167),90,7.8
Magnum Sal (73316),120,6.98
Alcatraz: The Scapegoat (96613),60,6.32
The Lord of the Rings: The Fellowship of the Ring Deck-Building Game (127127),30,6.8
Fuji (258308),45,6.65
GUBS: A Game of Wit and Luck (31808),20,6.04
Babylonia (266164),60,7.72
Dust (29109),180,6.44
Micropolis (239840),30,6.82
Labyrinth: The Card Game (533),30,5.56
SOS Titanic (143157),30,6.69
Lockup: A Roll Player Tale (240855),90,7.37
Grifters (168054),30,6.76
Feudal (847),90,6.06
Bamboleo (293),30,6.34
Entdecker (200),60,6.42
Kingdom Rush: Rift in Time (272533),90,7.62
Wizard's Quest (310),180,6.19
Barbarossa (550),60,6.32
The Russian Campaign (2808),360,7.31
The Battle at Kemble's Cascade (154301),75,6.71
Ker Plunk (3728),20,4.77
Blackbeard (235),240,6.36
NOIR: Deductive Mystery Game (102148),60,6.5
UNO Attack! (2818),30,5.43
Spank the Monkey (8222),30,5.92
Munchkin Apocalypse (112869),90,6.44
In a Pickle (12205),20,4.69
Inca Empire (75476),120,7.02
Panic on Wall Street! (104581),30,7.0
Ragusa (253635),80,7.03
SteamRollers (182704),45,6.65
Revolver (76150),45,6.87
Super Farmer (17557),20,5.74
Smash Up: Munchkin (162559),45,6.59
Mini Rails (225818),60,6.97
Spinderella (171129),20,6.48
Big Boggle (10550),10,6.87
Duel in the Dark (27048),45,6.61
War (16398),30,2.3
Skyline (121423),20,5.98
Olympus (73070),120,6.81
Cóatl (274841),60,7.19
Bosk (252556),40,7.0
Neuland (12681),120,6.46
Mow (38984),15,6.21
The Hobbit Card Game (126444),30,5.2
Galactic Emperor (27463),90,6.59
Nautilus (3154),120,6.36
Masques (65673),45,6.5
Nine Men's Morris (3886),20,5.35
Valletta (218920),80,7.01
Age of Civilization (264647),60,7.13
Ice Flow (31133),75,6.39
DungeonQuest Revised Edition (157958),60,7.09
Pictures (284108),30,7.22
Fast Forward: FORTRESS (231665),15,6.31
Black Friday (39242),55,6.57
Dirty Pig (118410),10,6.12
Giganten (59),90,6.7
California (21464),60,6.22
Fireteam Zero (149776),90,7.52
El Caballero (9),90,6.45
Falling (75),5,5.5
Pokémon Master Trainer (1381),45,5.87
Multiuniversum (192638),40,6.59
Portal of Heroes (181960),45,6.8
Pizarro & Co. (3267),45,6.52
Bios: Genesis (98918),120,7.13
Marrying Mr. Darcy (145308),60,6.41
DC Comics Dice Masters: Justice League (138649),60,7.33
Pass the Bomb (137),20,5.82
Ark (19947),45,6.26
Tramways (166571),120,7.42
Raise Your Goblets (202732),45,6.13
Rune Stones (285265),60,7.28
World in Flames (1499),6000,7.6
Timeline Challenge (173156),30,7.05
Australia (15033),90,6.49
Alchemist (27385),50,6.2
Exit: The Game – The Catacombs of Horror (255675),240,7.42
Onward to Venus (158109),120,6.86
Chocolate Factory (240567),90,7.17
Catan Histories: Struggle for Rome (25234),120,6.43
Rum & Bones: Second Tide (196202),60,7.66
Antike II (166857),120,7.48
Castle Risk (2557),120,5.48
Plums (181761),40,6.58
Yukon Airways (283294),90,7.44
Citrus (145588),60,7.1
Spring Meadow (253684),60,7.1
Tomb (29581),60,6.33
Blood Bowl (Second Edition) (2288),180,6.84
La Strada (9675),30,6.18
TAMSK (108),20,6.77
Grimoire (73863),30,6.41
"The Good, the Bad, and the Munchkin (30166)",90,6.19
V-Sabotage (163474),180,7.76
Dos Rios (9408),70,6.42
12 Days (130899),15,6.52
DropMix (237087),30,6.8
Legendary Inventors (200785),40,6.35
Cavum (37734),120,6.67
Yu-Gi-Oh! Trading Card Game (4154),20,6.12
Star Wars: Legion (233571),180,8.01
Seikatsu (216428),30,7.14
Monster Slaughter (220632),60,7.32
WildLife (3236),120,6.64
Lost Legends (131891),70,6.43
Letter Tycoon (169147),30,6.82
The Stars Are Right (37696),55,6.3
Tao Long: The Way of the Dragon (215613),30,6.88
Cinque Terre (124052),60,7.05
Dominant Species: The Card Game (96260),60,5.99
Tikal II: The Lost Temple (67180),120,6.87
Lord of the Rings: The Duel (4610),45,5.93
Confusion:  Espionage and Deception in the Cold War (2961),45,7.08
Pick-a-Dog (123885),15,6.16
Project: ELITE (256999),60,8.1
Flick of Faith (281194),40,7.48
Bruxelles 1897 (275913),60,7.31
Eketorp (6281),60,6.36
Marvel Dice Masters: Age of Ultron (168998),60,7.25
Clue Master Detective (1561),60,6.62
Ubongo Extreme (31479),30,6.78
Afrikan tähti (5130),45,4.68
Kreta (15600),60,6.91
Bohnanza: The Duel (205867),45,6.92
Quick Cups (146149),15,6.25
Don't Mess with Cthulhu (170587),30,6.87
Merchants of the Middle Ages (348),120,6.73
The Blood of an Englishman (206504),30,6.63
Supremacy: The Game of the Superpowers (27),340,5.65
Arkham Noir: Case #1 – The Witch Cult Murders (225729),30,6.79
Troyes Dice (284584),30,7.18
Liberty or Death: The American Insurrection (165872),360,7.82
"Going, Going, GONE! (144761)",20,6.19
Viva Topo! (8195),30,6.83
Welcome to New Las Vegas (281075),35,6.93
Darjeeling (32165),60,6.55
Trivial Pursuit: 20th Anniversary Edition (4492),180,5.21
Iwari (270109),45,7.23
Praetor (137776),75,6.57
Wings of War: Burning Drachens (15953),20,7.14
Lagoon: Land of Druids (152053),60,6.26
Subdivision (155173),45,6.49
Neta-Tanka: Deluxe Edition (245931),90,7.23
Rajas of the Ganges: The Dice Charmers (318553),45,7.61
Clever Cubed (316546),30,7.65
Hannibal & Hamilcar (227460),200,8.35
Anno 1503 (8166),90,6.25
GKR: Heavy Hitters (187700),120,7.68
Noctiluca (269752),30,7.17
Emerald (3452),45,6.35
Glüx (207207),45,7.11
Tiny Epic Defenders (Second Edition) (238656),60,7.18
Thunderstone Advance: Numenera (142961),90,7.29
Bison: Thunder on the Prairie (21287),90,6.31
Nautilion (206084),30,7.24
Rock the Beat (37728),30,6.31
The Settlers of Canaan (3655),60,6.75
Flatline (216597),45,7.15
Medium (242529),45,7.01
Hail Hydra (256877),75,6.57
Africana (118000),60,6.72
The Gardens of the Alhambra (963),60,6.16
Pictomania (Second Edition) (252526),40,7.59
Wazabi (48979),20,5.93
Kings of Air and Steam (111732),90,6.87
Codex Naturalis (314503),30,7.23
Habitats (200853),50,7.34
Robber Knights (19989),45,6.11
Tournament at Camelot (216632),45,7.23
Dark Tales (166158),30,6.59
Yunnan (143401),90,7.12
Go For Broke (3343),60,4.75
Nauticus (144415),90,6.94
Dark Tower (30),90,6.84
Andromeda (141),60,6.38
Werewords Deluxe Edition (245422),10,7.58
Cosmic Encounter (40531),60,6.41
Africa (1315),60,5.99
Goldbräu (12632),60,6.41
Hunt for the Ring (216070),180,7.16
King of the Elves (229),60,6.21
Hnefatafl (2932),20,6.6
Portal: The Uncooperative Cake Acquisition Game (159406),45,6.24
Sorcerer (181819),90,7.76
RattleSnake (27940),15,5.87
Fast Forward: FEAR (231664),15,6.13
Top Race (932),45,6.76
After The Virus (232361),90,7.21
Tutankhamen (300),30,6.11
"Napoléon: The Waterloo Campaign, 1815 (1662)",120,7.35
Three Kingdoms Redux (145371),165,7.9
Dungeoneer: Vault of the Fiends (8207),30,6.31
Junta: Viva el Presidente! (84159),60,6.4
Gin Rummy (25574),30,6.31
Skulk Hollow (232595),40,7.43
Queen's Architect (172547),60,6.87
Red Outpost (287589),60,7.07
Unlock!: Secret Adventures – The Adventurers of Oz (245354),60,7.45
Shikoku 1889 (23540),210,7.98
New Amsterdam (128898),90,7.07
Shanghaien (34320),20,6.54
Ziegen Kriegen (31506),15,6.17
Smart Ass (27389),30,5.39
The New Era (96007),60,7.51
Oh Hell! (1116),30,6.84
Shark (433),90,6.64
Europe Engulfed: WWII European Theatre Block Game (6205),720,7.48
Pirateer (386),15,5.53
Aerion (267127),30,7.46
Qwirkle Cubes (39813),45,6.57
Shut the Box (9851),30,5.11
Sonar (231819),30,6.74
Claustrophobia 1643 (257518),90,8.08
10' to Kill (174476),15,6.25
Articulate! (6541),60,6.53
1856: Railroading in Upper Canada from 1856 (423),300,7.51
Illuminati: New World Order (1552),120,6.37
Finished! (231999),45,6.73
Escape: Zombie City (149809),15,6.78
Garden Dice (109779),60,6.67
Last Friday (192927),120,6.44
Professor Evil and The Citadel of Time (219708),45,6.63
Voodoo (154880),30,6.33
Slide Quest (271785),45,6.67
Ninja Burger (8522),60,5.61
Crossing (172971),15,6.66
Unlock!: Epic Adventures (294612),60,7.87
Province (154259),25,6.29
Adventure Games: Monochrome Inc. (267814),75,6.74
Star Fleet Battles (1589),180,6.89
Waggle Dance (158572),90,6.99
Wings of War: The Dawn of World War II (22532),45,6.85
Mystery Rummy: Jekyll & Hyde (1265),45,6.62
Empires in Arms (254),12000,7.61
Amazonas (15157),50,6.33
Pocket Battles: Celts vs. Romans (42898),30,6.4
Expedition to Newdale (272682),90,7.5
Wallenstein (Second Edition) (109125),120,7.6
Goldland (3139),60,6.64
Ticket to Ride: Germany (225244),60,7.62
Order of the Stick Adventure Game: The Dungeon of Dorukan (24157),360,5.75
Antidote (150783),30,6.32
Pendulum (312804),90,6.66
Sierra West (257066),60,6.87
Risk: Europe (204184),180,7.43
A Game of Thrones: Catan – Brotherhood of the Watch (229218),75,7.17
Dragon's Hoard (136594),45,6.49
Canal Mania (19995),90,6.89
Augsburg 1520 (21892),75,6.43
The Thing: Infection at Outpost 31 (226634),120,7.29
Sharp Shooters (1459),10,6.43
Advanced Heroquest (1758),120,6.84
Victory in the Pacific (1442),300,7.22
Tribond (1962),60,5.26
Battleship Galaxies (93538),70,6.57
Canasta (17104),45,6.39
Masters of Renaissance: Lorenzo il Magnifico – The Card Game (280453),45,7.23
Anima: Shadow of Omega (24935),60,5.83
Infernal Contraption (29456),60,5.85
Elevenses (144388),30,6.24
Five Cucumbers (147768),25,5.91
Fertility (256320),45,7.2
Saga (9202),30,5.79
Dungeons & Dragons: Rock Paper Wizard (207062),30,6.62
Posthuman (171835),120,6.52
Telestrations After Dark (173761),30,7.09
March of the Ants (156496),70,7.18
Byzantium (19348),180,6.79
Valhalla (237211),60,7.3
The Dragon & Flagon (193840),60,6.44
Teenage Mutant Ninja Turtles: Shadows of the Past (180771),90,7.46
PUSH (265256),25,6.87
Deep Blue (283649),45,6.76
Euphrates & Tigris: Contest of Kings (19419),45,6.08
Reiner Knizia's Decathlon (6955),45,6.29
Santa Cruz (118610),45,6.67
"Before I Kill You, Mister Spy... (164)",30,5.43
Igloo Pop (8668),20,6.26
Dungeon Drop (262208),20,6.88
Dice Stars (193210),25,6.66
Fürstenfeld (84469),60,6.52
La Cosa Nostra (151771),90,7.69
CloudAge (316858),100,7.45
Hisss (7708),15,5.59
World War II: Barbarossa to Berlin (3353),420,7.32
Time's Up! Edición Azul (57660),45,7.34
Monopoly: Deluxe Edition (7098),180,5.28
Pandemic: Hot Zone – North America (301919),30,7.13
Cardcassonne (58798),45,6.28
Smash Up: Cease and Desist (198487),45,7.48
Ultimate Warriorz (100679),30,6.7
Key to the Kingdom (1933),45,5.47
Terror Below (270138),60,6.81
Exit: The Game – The Haunted Roller Coaster (269968),90,7.19
Cable Car (58602),45,6.68
Batman Fluxx (178210),30,6.32
Black Stories 2 (20750),20,6.16
ICECOOL2 (244513),30,7.25
Priests of Ra (59753),60,6.81
Renature (300001),60,7.31
"13 Minutes: The Cuban Missile Crisis, 1962 (203828)",13,6.42
Dice Throne: Season One ReRolled (291794),40,8.45
Yardmaster Express (158742),10,5.8
Curious Cargo (312251),60,7.34
Starship Troopers (670),120,6.53
Light Speed (5534),10,6.34
Successors (Third Edition) (26457),300,7.53
Space Explorers (235817),40,7.05
The Ravens of Thri Sahashri (150293),45,7.17
Black Sheep (36739),30,5.93
Victorian Masterminds (189453),60,6.9
Kuhhandel Master (56786),60,6.74
Ohne Furcht und Adel (130060),60,7.04
Timebomb (236217),30,7.18
Sunset Over Water (224904),20,6.99
Uchronia (128063),60,6.49
Monster Lands (209001),120,7.26
Limes (153623),20,6.86
Monopoly Deal (164840),15,6.32
Camelot Legends (10496),60,6.1
Leaping Lemmings (29687),72,6.44
Keltis: Der Weg der Steine Mitbringspiel (41003),15,6.44
Roll Through the Ages: The Iron Age (150926),60,6.63
The Civil War 1861-1865 (2081),1200,7.72
Slamwich (3804),20,5.13
Mage Wars Academy (172503),30,7.2
Metro X (248861),20,7.19
Ghostbusters: The Board Game (173275),120,6.45
Die Legenden von Andor: Chada & Thorn (177079),45,6.68
City of Remnants (133528),90,6.82
Belratti (259374),45,7.19
Deadwood 1876 (245197),40,6.65
Four Against Darkness (197097),75,7.52
Ganymede (248005),40,7.25
Wizard Kings (692),150,6.72
DC Comics Deck-Building Game: Forever Evil (155463),75,7.25
Thunderbolt Apache Leader (123955),90,8.05
Byzanz (38032),45,6.64
Warfighter: The Tactical Special Forces Card Game (149951),180,7.71
Duel of Ages II (129459),150,7.42
Game of Thrones: Westeros Intrigue (155693),30,5.28
Wild Space (298371),40,7.4
Dungeon Twister 2: Prison (42124),60,7.28
Advanced Squad Leader: Starter Kit #2 (15126),180,7.95
The King's Guild (206327),120,7.15
The Game: Extreme (209325),30,6.96
Fight for Olympus (192834),30,6.72
Shadowrift (112092),120,7.22
The Hobbit: The Defeat of Smaug (2456),30,4.84
Key to the City: London (205507),120,7.01
Wildcatters (146910),120,7.62
Cities (38657),30,6.42
Il Principe (19650),60,6.42
Shadows over Camelot: The Card Game (129904),20,5.72
Colonia (56707),120,6.61
Terramara (272427),120,7.36
Kragmortha (26859),45,5.77
Outpost (1491),150,6.81
Robot Turtles (147370),15,5.97
Don't Break the Ice (4888),20,4.74
Dealt! (243430),30,7.1
Compatibility (2604),30,6.53
Star Trek Deck Building Game: The Next Generation (98242),90,6.48
Catch the Moon (218129),20,6.75
Luchador! Mexican Wrestling Dice (143075),15,6.46
Las Vegas Royale (271319),60,7.46
Suspend (127784),15,6.28
5211 (271512),30,6.4
Strozzi (35572),60,6.73
Bubblee Pop (192343),20,6.36
XenoShyft: Dreadmire (189660),60,7.26
The Fury of Dracula (936),180,6.93
HMS Dolores (194523),20,6.17
Super Dungeon Explore: Forgotten King (156548),120,6.94
Zombicide: 2nd Edition (286751),60,8.17
Super Fantasy Brawl (194517),40,7.8
Asteroyds (65200),30,6.34
InBetween (230342),40,6.71
War on Terror (24396),120,6.11
Fields of Fire (22877),300,7.86
Pelican Cove (90870),30,6.75
Lost Cities: Rivals (253398),40,6.73
Crusader Rex (8481),180,7.15
Alias (3818),60,5.84
The Lord of the Ice Garden (157917),90,7.66
Paris Paris (5825),45,6.19
Ride the Rails (297486),60,7.28
Unfathomable (340466),240,7.95
Madame Ching (154443),45,6.46
Path of Light and Shadow (217398),120,7.45
Claim 2 (249763),25,7.06
Ticket to Ride: First Journey (Europe) (218208),30,7.04
Dixit Jinx (119407),15,5.75
Batavia (35248),60,6.4
Blackbeard: The Golden Age of Piracy (25685),120,6.11
Clue: Harry Potter Edition (38026),30,6.26
Save Doctor Lucky (1157),30,5.84
Tiny Epic Tactics (272409),60,6.88
The Palace of Mad King Ludwig (223278),75,6.92
Silver (278553),60,7.06
The Enchanted Tower (130792),25,6.67
Al Cabohne (980),60,5.96
Origin (127095),60,6.67
Brawl (392),15,6.36
Planetarium (200454),45,7.02
Battle Cry: 150th Civil War Anniversary Edition (88827),45,7.64
Tybor the Builder (234621),30,6.98
Animocrazy 豬事議會 (542),30,5.53
Warhammer Quest: Silver Tower (197572),120,7.48
Anomia: Party Edition (142271),30,7.08
If Wishes Were Fishes! (25584),45,6.49
Braintopia (206175),15,6.27
Carcassonne: Wheel of Fortune (45748),30,7.02
Exit: The Game – The House of Riddles (226519),90,6.89
Wings of War: Deluxe Set (31552),45,7.27
The Game of 49 (159492),45,6.39
Karak (241477),45,7.4
Jumanji (1751),45,4.45
1944: Race to the Rhine (148601),90,7.23
Medieval Merchant (296),90,6.72
Firefly Fluxx (183896),30,6.7
Cabo (73664),30,7.09
Wok Star (71655),60,6.67
Marvel Villainous: Infinite Power (302336),80,7.01
Key Flow (252446),75,7.41
Street Masters (218421),120,8.16
Valley of the Mammoths (2535),180,6.42
Alhambra: The Dice Game (25491),60,6.21
Back to the Future: The Card Game (71676),60,5.81
First Orchard (41302),10,6.74
Grass (427),60,5.97
Cross Clues (300753),10,7.41
Warhammer Quest: Blackstone Fortress (264198),180,7.93
Aggravation (2272),45,4.86
Eaten by Zombies! (76247),30,5.86
John Company (211716),180,7.46
Inhabit the Earth (181797),90,6.96
Gauntlet of Fools (129293),30,6.0
Dragon's Breath (235655),20,6.64
Unlock!: Secret Adventures – A Noside Story (245352),60,7.08
Nature Fluxx (18333),15,5.91
Warp's Edge (296237),45,7.89
Fantastiqa: The Rucksack Edition (125046),60,6.95
Noah (116858),30,6.51
Poseidon (76417),120,7.0
Serengeti (1376),30,6.18
Perfection (5588),6,4.34
Make 'n' Break (10206),30,6.05
Nacht der Magier (19996),20,6.66
The Mysteries of Peking (1950),30,5.78
Sorcerer City (235014),60,7.53
Elixir (633),60,5.56
One Night Ultimate Alien (204431),10,6.98
Medici: The Card Game (202288),30,6.75
Camel Up Cards (192947),60,6.7
Ninja Camp (176565),30,6.72
Knit Wit (191982),15,6.11
10 Days in Asia (22398),25,6.67
Deckscape: The Mystery of Eldorado (258451),90,6.55
War and Peace (626),180,6.69
Milestones (117914),60,6.58
Munchkin Marvel (189848),120,6.92
Labyrinth (6546),20,4.61
Pictureka! (22889),30,5.45
Black Gold (93724),120,6.84
Ponte del Diavolo (27172),25,6.47
Speed Circuit (1194),120,6.91
OctoDice (180231),30,6.47
Penguin Party (56933),15,6.44
Enchanters (198138),60,7.13
That's a Question! (226322),30,5.77
We the People (620),120,7.31
Renegade (170604),90,7.77
Thunder & Lightning (191963),40,7.22
Pixel Tactics 2 (137423),45,7.06
VivaJava: The Coffee Game (103660),90,6.86
Age of Napoleon (8490),360,6.82
Why First? (171672),25,6.14
Malefiz (2322),60,5.44
Unmatched: Jurassic Park – InGen vs Raptors (284777),40,8.22
Ace of Aces: Handy Rotary Series (798),20,7.04
SHŌBU (272380),30,7.61
Fast Forward: FLEE (231666),90,5.88
"Warhammer 40,000 (Fourth Edition) (13362)",60,6.51
King & Assassins (147930),30,6.87
Munchkin Legends (144325),120,6.43
Kupferkessel Co. (2533),30,6.9
Topiary (210900),30,6.72
City of Iron: Second Edition (195503),120,7.25
Munchkin Impossible (22948),120,5.97
Expedition (223),90,6.82
Faiyum (318983),140,7.6
Noblemen (128931),120,6.92
Dead Panic (133437),90,5.98
Kepler-3042 (198190),120,7.34
Unlock!: Secret Adventures – Tombstone Express (245353),60,6.76
Nanty Narking (249746),60,7.6
Battle of the Sexes (3510),45,3.5
Nevermore (173047),60,6.68
Pax Pamir (155255),120,7.5
Cavern Tavern (189067),120,6.92
Just Desserts (18946),25,5.89
Strat-O-Matic Baseball (2251),45,7.8
Axis & Allies 1941 (123185),180,6.37
Turbo Taxi (941),30,6.06
Sherlock: Last Call (250780),60,6.77
Gloria Mundi (13286),60,6.06
Chang Cheng (29903),60,6.17
Time's Up! Edición Amarilla (38713),30,7.49
The Walking Dead: The Board Game (99120),60,5.73
Detroit-Cleveland Grand Prix (101),60,6.78
Lord of the Rings: The Search (1426),30,5.07
Fairy Tile (220780),30,6.36
BioShock Infinite: The Siege of Columbia (132428),90,6.71
10 Minute Heist: The Wizard's Tower (194789),10,6.46
Aftermath (281946),120,7.83
Apples to Apples Junior (10681),30,5.84
Monopoly: Star Wars Limited Collector's Edition (26696),60,5.23
Axis & Allies Miniatures (17970),60,6.52
6 nimmt! 25 Jahre (268586),45,7.46
Greenland (156501),120,6.99
Cities: Skylines – The Board Game (267370),70,6.71
Dragon Dice (1860),30,5.88
Dinosaur World (317457),120,7.6
Crude: The Oil Game (147),90,6.72
Burano (181260),120,6.78
Hi Ho! Cherry-O (6932),10,3.56
Attribute (4553),30,6.38
Leo (191538),30,6.69
Too Many Cooks (3632),30,6.34
Risk: Star Wars – Original Trilogy Edition (22551),120,6.82
Lascaux (30932),25,6.35
Dizzle (269199),30,6.91
Quicksand (6738),20,6.11
Songbirds (212765),20,6.85
Grand Cru (75212),90,6.78
Dynasties: Heirate & Herrsche (191972),90,7.22
Regicide (307002),30,7.59
Dschunke (3234),60,6.63
"Warhammer 40,000 (Fifth Edition) (37165)",60,6.73
Time of Legends: Joan of Arc (230791),90,8.13
Dokmus (199793),40,7.05
Tranquility (288513),20,7.06
The Omega Virus (3086),35,6.41
18Chesapeake (253608),180,7.85
Norenberc (75091),90,6.79
Pathfinder Adventure Card Game: Wrath of the Righteous – Base Set (169416),120,7.47
"Goblins, Inc. (110524)",60,6.41
Bullet♥︎ (307305),20,7.75
Hues and Cues (302520),30,6.94
Dungeons & Dragons Miniatures (7929),60,6.55
Via Appia (137397),45,6.62
Skat (6819),30,7.24
Le Fantôme de l'Opéra (145645),30,7.01
Steam Works (143176),120,6.88
First Train to Nuremberg (83667),120,7.06
Ships (153737),120,6.86
Iron Curtain (228411),30,7.15
Scarabya (244330),20,6.62
Spy Alley (1986),45,5.68
Hotel Samoa (63740),60,6.24
Simon (5749),30,4.33
Martinique (42244),30,6.25
Histrio (182120),40,6.56
Ubongo: Duel (34969),40,6.86
Buffy the Vampire Slayer: The Board Game (203102),60,6.84
Haru Ichiban (165662),20,6.65
Gloria Picktoria (247),45,6.35
Yedo: Deluxe Master Set (281466),90,8.1
Cheeky Monkey (29773),15,6.61
Abandon Ship (41636),30,6.34
Mai-Star (75789),30,6.53
Guildhall: Job Faire (142121),45,7.13
Apotheca (174614),30,6.67
Ghooost! (132251),20,5.68
"Warriors of God: The Wars of England & France, 1135-1453 (23679)",180,7.44
Days of Ire: Budapest 1956 (192802),90,7.36
Carnegie (310873),180,7.73
"Rattle, Battle, Grab the Loot (176606)",60,6.15
Roll to the Top! (240225),25,6.85
It's Alive! (28396),30,6.26
It Happens.. (66193),30,6.19
Dungeon Saga: Dwarf King's Quest (160081),120,7.24
Harry Potter Trading Card Game (3495),20,6.17
Glasgow (301716),30,7.23
Ascension: Realms Unraveled (157026),30,7.53
Star Trek Customizable Card Game (3852),45,6.13
Now Boarding (231567),60,7.09
Homeland: The Game (160968),90,6.57
Richelieu (5795),45,6.58
Project: ELITE (171726),30,7.64
Machiavelli (286),480,7.1
A Victory Lost: Crisis in Ukraine 1942-1943 (19622),360,7.68
Slide 5 (31503),30,6.54
Vault Wars (169704),60,6.83
Monolith Arena (238393),45,7.58
Nicht die Bohne! (192),45,6.33
BANG! The Duel (182094),30,6.41
Vineta (27532),45,6.17
Activity (8790),45,5.92
Village Attacks (212281),180,7.49
Fast Sloths (277597),45,7.14
GoodCritters (255615),45,7.06
Mutant Chronicles: Siege of the Citadel (1621),120,7.03
Sunrise City (97357),60,6.62
The Rise of Queensdale (238546),60,7.51
Ceylon (248900),60,7.04
Comuni (37231),90,6.69
Clue: Discover the Secrets (37589),60,6.12
Ghost Castle (1613),45,5.44
Dinosaur Tea Party (247160),30,6.51
Monumental (248125),120,7.74
Brew Crafters: Travel Card Game (154905),30,6.31
Ascension: Apprentice Edition (145633),30,7.11
Kerala: The Way of the Elephant (191055),30,6.88
Sails of Glory (109291),45,7.53
Magical Athlete (24565),60,6.49
The Capitals (119012),120,6.92
Inn-Fighting (29198),30,5.92
3 Wishes (198836),5,5.5
Lemming Mafia (54735),20,6.2
Advanced Squad Leader: Starter Kit #3 (20542),180,8.04
Rat Hot (16497),30,6.3
Heroscape Master Set:  Battle for the Underdark (54361),60,7.5
JAB: Realtime Boxing (62853),15,6.19
Warmachine (4741),60,7.29
Silverton (511),180,7.1
Conquest of the Empire (97),240,6.28
Relationship Tightrope (368),30,6.17
1911 Amundsen vs Scott (124847),20,6.7
Artus (92643),60,6.3
North Wind (153425),60,6.44
Temporum (162263),35,6.37
7 Ages (3870),480,7.07
Rattlebones (150146),30,6.5
Railroad Ink Challenge: Lush Green Edition (306881),30,7.86
Igel Ärgern (95),30,6.41
Rush & Bash (177965),30,6.79
Cosmic Wimpout (1302),20,5.99
Galloping Pigs (485),30,5.78
Zany Penguins (190639),20,6.65
CVlizations (181494),60,6.32
Zeus on the Loose (22864),15,6.06
Mammoth Hunters (5767),90,6.12
Neuroshima: Convoy (120605),40,6.68
A Fistful of Penguins (109451),15,6.02
Trivial Pursuit: Genus IV (1299),90,5.54
Phase 10 Dice (2578),30,5.29
Bullfrogs (149853),40,6.77
Bios: Megafauna (Second Edition) (221769),180,7.7
Rocketmen (283387),90,6.98
Dojo Kun (179182),90,6.96
Monopoly City (41186),75,5.58
Sol: Last Days of a Star (174837),90,7.58
Tenzi (113819),5,4.9
iKNOW (130680),60,6.37
Adventure Time Card Wars: Finn vs. Jake (144728),30,6.22
Principato (90041),90,6.15
Codex: Card-Time Strategy – Deluxe Set (131111),45,8.05
Gunslinger (1044),90,7.13
Opera (42743),90,6.61
Overseers (176803),45,6.67
Minecraft Card Game? (186265),45,5.67
Cosmic Encounter (40529),60,7.21
Welcome to Dino World (232524),70,6.88
Solitaire (13713),15,4.4
Architekton (16499),45,5.55
Imperium: Legends (318182),120,8.04
Florenza (81640),200,7.41
Breakout: Normandy (730),240,7.68
Gunkimono (251890),60,7.05
Pixie Queen (200890),120,7.17
SUPERHOT: The Card Game (206156),40,6.37
Midgard (23985),60,6.57
Risk Express (28086),20,6.26
Top Trumps (7262),20,4.23
War at Sea (Second Edition) (1431),120,6.52
Straw (22497),30,6.24
Pizza Box Football (17851),60,6.27
The Ancient World (Second Edition) (259298),90,7.63
Pharaon (282414),75,7.46
Cover Your Assets (121193),45,6.38
Daytona 500 (631),70,7.14
I Go! (8552),30,6.39
Raxxon (231197),60,6.84
Fische Fluppen Frikadellen (4370),90,6.6
Rommel in the Desert (84),150,7.54
Loaded Questions (2838),45,5.9
Bunny Bunny Moose Moose (59149),20,6.06
This Town Ain't Big Enough for the 2-4 of Us (153497),15,6.01
Darkest Night (128445),150,7.08
Miyabi (285533),45,7.54
The World of Smog: On Her Majesty's Service (168433),60,6.83
Timeline: Americana (161547),15,6.71
Overbooked (230200),40,7.1
The Mines of Zavandor (68247),90,6.58
The Dwarves (124668),90,6.9
Jet Set (38872),120,6.73
Wise and Otherwise (2652),45,6.66
Dreadfleet (108722),60,6.99
Dominant Species: Marine (262941),150,8.19
Crazy Eights (11017),20,4.4
Stay Away! (158392),60,6.14
Slapshot (1705),30,6.32
Last Train to Wensleydale (39927),120,7.09
Trick of the Rails (118497),20,6.6
Field Commander: Rommel (28829),120,7.01
Alhambra: The Card Game (431),45,6.44
Arcane Academy (144734),45,6.77
Timeline: American History (161546),15,6.71
Armadöra (8229),30,6.33
Pioneers (232520),60,7.01
Drakon (Fourth Edition) (171630),60,6.53
Monsterpocalypse (32674),60,7.16
Kung Fu Fighting (13172),30,6.13
The Logo Board Game (64204),40,5.17
TurfMaster (384),75,7.25
Afrika Korps (2259),180,6.25
1776: The Game of the American Revolutionary War (3312),120,6.51
1870: Railroading across the Trans Mississippi from 1870 (424),360,7.43
Knatsch (1263),30,5.63
Dreamblade (22897),60,7.17
Castle Dice (129320),45,6.66
Rory's Story Cubes: Actions (89415),20,6.41
13 Clues (208766),30,6.65
King of the Dice (235922),30,6.84
Rivet Wars: Eastern Front (136000),30,7.01
Ninja Dice (136587),30,6.01
American Rails (41749),90,7.41
Mega Civilization (184424),720,8.24
Ur (25420),45,6.51
Time's Up! Deluxe (37141),60,7.49
Eruption (88594),60,6.21
Pinochle (4583),45,6.87
Kero (222219),30,7.16
Brikks (257726),30,6.38
The 7th Continent: Classic Edition (283317),1000,7.87
Arena Maximus (7719),60,5.88
Linq (11945),45,6.88
So Clover! (329839),30,7.57
Isis & Osiris (1245),20,5.83
Fate of the Elder Gods (198609),90,7.29
Hangman (5314),10,4.2
City Tycoon (104994),120,6.51
Go Cuckoo! (192547),15,6.71
Grave Robbers From Outer Space (2472),40,5.81
Altar Quest (273703),90,7.92
Penny Press (148205),60,6.49
Road Kill Rally (65225),90,6.4
Tiny Epic Pirates (309430),60,7.19
Cash-a-Catch (28218),30,6.32
Rolling Realms (305682),30,7.28
Nine Tiles Panic (279869),20,6.99
MarraCash (16),60,6.84
Dread Pirate (5457),60,5.28
Res Publica (277),60,5.92
Clash of the Gladiators (3242),45,5.91
LYNGK (217083),60,7.59
Outdoor Survival (1511),30,4.81
War of the Ring (2228),210,6.67
Chai (253185),60,6.93
Hart an der Grenze (22237),40,6.46
Ninja Versus Ninja (13511),15,6.05
Worm Up! (404),20,5.87
Cranium WOW (33150),60,6.12
Word Slam (203411),45,6.96
Landlord! (312),10,5.92
Summoner Wars (Second Edition) (332800),60,8.43
HATE (233868),120,7.69
Cranium Hoopla (4424),20,6.19
Sherlock: The Tomb of the Archaeologist (247436),60,6.71
Quietville (24770),30,6.19
Tapple (129556),30,6.36
Castellan (114903),45,6.26
Legacy: Gears of Time (119781),60,6.98
Atlantis Rising (92120),90,6.52
Via Magica (300936),30,6.8
Exit: The Game – Theft on the Mississippi (283934),90,7.21
Khôra: Rise of an Empire (299684),75,7.62
Nuclear Escalation (1213),30,6.58
Century: Golem Edition – Eastern Mountains (283619),45,7.46
Monster Chase (43578),10,6.34
Kitchen Rush (Revised Edition) (287938),60,7.69
Cootie (4378),20,3.39
Shadows in the Forest (1070),15,6.08
Costa Rica (194100),45,6.23
Sapiens (169649),45,6.35
Radlands (329082),40,8.41
Mage Knight (864),60,6.17
Oceania (14017),30,5.78
On the Underground: London/Berlin (281152),60,7.29
Trek 12: Himalaya (303672),30,7.0
Nightmare (5641),60,5.89
The Mole in the Hole (321),30,6.29
The Adventures of Robin Hood (326494),60,7.86
Martian Fluxx (35369),30,6.21
Colors of Paris (269160),60,7.04
Fifth Avenue (9342),100,5.99
Guns & Steel (176334),60,6.32
Dark Darker Darkest (59429),120,6.27
Field Commander: Napoleon (42673),180,7.72
Krazy Wordz: Nicht 100% jugendfrei (195372),45,7.35
Clippers (3128),90,6.58
Solo (3347),30,5.32
Rival Restaurants (262114),60,7.84
Hedbanz for Adults! (1855),60,5.4
Fighting Formations: Grossdeutschland Motorized Infantry Division (39217),180,7.64
Dragonland (3208),45,6.29
RAF: The Battle of Britain 1940 (40209),900,7.99
Alexandros (8273),45,6.16
5-Minute Mystery (294514),30,7.35
The Road to Canterbury (96792),60,6.87
Orchard (5770),10,6.36
Cranium Zigity (11618),10,5.32
Who Did It? (241491),15,6.54
Password (1549),30,6.12
Getaway Driver (253719),45,6.72
Moonrakers (270239),120,7.92
Serenissima (Second Edition) (135281),90,6.93
Dingo's Dreams (182116),30,6.11
London Dread (178134),90,6.65
Battlefleet Gothic (3967),180,7.03
Who Wants to Be a Millionaire (4077),60,4.62
Cat Tower (150485),20,5.83
Last Night on Earth: Timber Peak (122240),90,7.62
After the Flood (36888),180,6.87
Ascension: Darkness Unleashed (144864),30,7.42
Friese's Landlord (147623),40,6.49
Sherlock Holmes Consulting Detective: Carlton House & Queen's Park (223931),90,7.92
Fresh Fish (1017),60,6.71
Sneaks & Snitches (55601),20,6.3
Pyramids (213492),30,6.76
Mysthea (242653),90,7.72
Game of Thrones: The Iron Throne (204837),60,6.8
Colonial: Europe's Empires Overseas (99392),120,7.13
Micro Mutants: Evolution (31056),30,6.61
Piñata (141791),30,6.81
Volfyirion (258074),30,7.37
Atmosfear: The DVD Board Game (12453),60,5.63
Dungeon Alliance (209660),180,7.57
Battlestations (12350),240,7.11
Heave Ho! (3318),45,6.26
B-Sieged: Sons of the Abyss (164865),90,6.58
Revolution: The Dutch Revolt 1568-1648 (9215),480,7.32
Potato Man (137155),40,6.73
Lift Off (260757),120,7.17
Haven (205127),45,7.06
Early American Chrononauts (9825),45,6.61
Codenames: Marvel (220774),15,6.27
A Brief History of the World (46007),180,6.88
Funkoverse Strategy Game (284775),60,7.33
The LOOP (316412),60,7.95
Lionheart (1150),60,5.68
Dungeon Degenerates: Hand of Doom (210232),360,8.24
Alubari: A Nice Cup of Tea (228959),120,7.29
Game of Thrones: The Card Game (129976),60,6.23
Courtier (122891),45,6.67
Dreamscape (231038),90,7.53
Greed Incorporated (55952),240,6.98
Shadows in Kyoto (229741),30,6.9
Rory's Story Cubes: Voyages (115233),20,6.57
Lost Temple (102835),40,5.86
Dragoon (172540),60,7.03
Fiji (21704),30,5.85
DC Comics Deck-Building Game: Rivals – Batman vs The Joker (160958),30,7.02
Cartagena 2. The Pirate's Nest (25823),45,6.49
First Contact (258309),40,7.05
Meeple War (192120),60,6.61
Battleground (18985),60,6.95
Spirits of the Rice Paddy (149119),90,6.73
Arkham Horror: Final Hour (285773),60,6.56
Joraku (180901),60,7.04
Die Siedler von Nürnberg (189),90,6.91
Grimslingers (173018),90,6.28
Railways of the World: The Card Game (68228),60,6.7
Electronic Catch Phrase (135262),20,6.54
Blood on the Clocktower (240980),120,7.79
Sewer Pirats (102898),60,6.61
Arena: For the Gods! (207753),40,6.51
Nobody Is Perfect (8829),45,6.87
Maharani (118402),40,6.57
Food Chain Island (309110),15,7.3
Simurgh (160559),90,6.69
Urbion (94389),15,6.86
Zulus on the Ramparts!: The Battle of Rorke's Drift – Second Edition (41627),25,7.36
Richard III: The Wars of the Roses (25277),120,7.4
Age of Discovery (27165),45,6.36
Army of Frogs (31449),45,5.95
Dungeon Command: Sting of Lolth (122588),90,7.31
Navajo Wars (102435),120,7.98
Tyros (3230),90,6.45
Escalation! (26884),15,5.75
Crystal Clans (228133),60,7.02
Dice Throne: Season Two – Gunslinger v. Samurai (266966),40,7.63
Dark Souls: The Card Game (242667),60,6.94
Lift it! (132497),30,6.22
Die Pyramiden des Jaguar (3321),45,6.07
Utopia (31745),60,6.32
Egizia: Shifting Sands (267271),90,7.63
Start Player (38318),1,6.34
Sheepland (123576),30,6.54
Quarantine (109764),60,6.06
Leader 1 (36708),150,6.99
Penny Arcade: The Game – Gamers vs. Evil (97803),45,6.49
Whoowasit? (33643),45,6.79
Unconditional Surrender! World War 2 in Europe (61487),3000,8.21
Ghost Blitz: 5 to 12 (148532),20,6.94
Ekö (177197),60,6.86
Endangered Orphans of Condyle Cove (207687),30,6.36
BattleTech Introductory Box Set (31759),120,7.64
Klunker (102),30,6.21
Martians: A Story of Civilization (192673),120,6.52
Monopoly Express (1420),20,5.66
CIV: Carta Impera Victoria (240465),40,6.25
Luftwaffe: The Game of Aerial Combat Over Germany 1943-45 (3646),120,5.66
Katamino (6931),10,6.43
Formula Dé Mini (6539),60,6.52
"Colonial Twilight: The French-Algerian War, 1954-62 (180199)",300,7.79
Dawn Under (10814),30,6.35
Scopa (15889),30,6.57
Ultimate Werewolf: Inquisition (140457),60,6.53
Article 27: The UN Security Council Game (113293),30,6.5
Chupacabra: Survive the Night (120515),20,5.51
Ave Roma (184459),120,7.18
Ramen Fury (265524),30,6.26
Dice Throne (268201),40,7.84
Battle Line: Medieval (297985),30,7.72
Geek Out! (141430),30,5.71
Ideology: The War of Ideas (8059),90,6.13
Fortuna (80979),60,6.48
Munchkin Pathfinder (129359),90,6.33
The Napoleonic Wars (Second Edition) (36399),240,7.45
Stellar Conflict (179835),10,6.47
Beasts of Balance (185709),30,6.9
Braggart (72420),30,6.33
Witchstone (318560),90,7.78
Big Points (34004),20,6.46
Flat Top (2529),360,7.35
Assault on Doomrock (149241),150,7.03
Court of the Medici (37208),25,6.59
Divvy Dice (297895),30,6.9
Eggs and Empires (156180),25,6.69
4 Gods (187104),30,6.0
Wreck Raiders (252877),45,7.5
Heart of Crown (131904),60,7.65
Pecking Order (22347),20,6.41
Storm over Arnhem (1423),300,7.18
Bears! (99081),20,5.79
Roll for Adventure (255683),30,6.81
Warhammer Underworlds: Nightvault (261594),60,7.87
Nightfall: Martial Law (96152),45,7.0
Castles of Caladale (213370),30,6.41
KeyForge: Worlds Collide (285775),45,7.64
The Grimm Masquerade (254513),40,7.01
Bonaparte at Marengo (15839),120,7.39
Pendragon: The Fall of Roman Britain (193728),360,7.97
Bomb Squad (142267),30,6.47
Tem-Purr-A (95386),15,6.03
Café International: Das Kartenspiel (1324),45,5.71
Triplock (229791),30,6.37
Impact: Battle of Elements (246228),15,6.69
Minotaurus (41835),25,5.61
Buy Low Sell High (146),60,6.14
Artificium (166372),50,6.03
A Fistful of Meeples (277699),30,7.18
Fortress America (115293),150,6.83
Archon: Glory & Machination (139033),120,6.94
Thunderstone: Starter Set (140951),45,6.95
UNO Flip! (271460),30,6.49
Dominations: Road to Civilization (250881),120,7.58
Monopoly: The Lord of the Rings Trilogy Edition (8041),60,5.43
Legendary: Buffy The Vampire Slayer (210290),60,7.6
Who Goes There? (230769),110,7.3
Level 7 [Escape] (125658),45,6.02
Chronology (834),30,6.48
Aristeia! (230889),90,8.32
Small Islands (236248),30,6.79
Dungeon Command: Heart of Cormyr (124965),90,7.39
Coldwater Crown (200934),90,7.31
Funkenschlag (12166),180,7.56
Sonora (296626),45,7.11
Trains and Stations (138317),45,5.79
Parthenon: Rise of the Aegean (18243),120,6.32
Stop Thief (1992),30,6.38
Fzzzt! (42111),30,6.22
Maglev Metro (301257),90,7.29
Element (216403),60,7.23
Smart10 (241590),120,7.49
Piranha Pedro (14035),30,6.25
Jurassic Park: Danger! (245431),50,6.3
Dominare (122889),120,6.82
Flames of War: The World War II Miniatures Game (11168),120,7.1
Sunken City (9021),45,6.15
Pax Transhumanity (257732),150,7.59
Overboss: A Boss Monster Adventure (310192),30,7.58
Bargain Hunter (338),45,6.73
Don't Get Got! (262547),1440,7.15
Midway (2250),120,6.62
Codenames: Harry Potter (249821),15,6.66
The Faceless (238164),45,6.77
"Win, Lose, or Banana (47082)",1,5.42
Richthofen's War (1711),60,6.05
Happy City (319793),30,6.56
Invasion from Outer Space: The Martian Game (42939),120,7.06
Key Largo (18289),40,6.61
Asgard (131118),120,6.8
The Farming Game (5195),120,5.93
Nosferatu (137290),20,6.59
Santa Fe Rails (3348),60,6.8
Xenon Profiteer (176530),30,7.24
Black Box (165),20,6.38
Titan Race (175495),30,6.1
Holding On: The Troubled Life of Billy Kerr (245444),60,6.08
Lupus in Tabula (63539),40,6.49
Agent Hunter (140865),15,5.72
DC Comics Deck-Building Game: Teen Titans (167763),75,7.22
Asking for Trobils (156442),90,7.01
Enigma (127312),45,6.42
Mystery of the Temples (234691),40,6.59
Village Green (300583),30,7.13
Café (284936),45,7.51
Ooga Booga (106753),10,5.95
CrossTalk (215371),30,6.95
Thebes: The Tomb Raiders (114387),30,6.86
G.E.V. (5205),75,7.0
Sator Arepo Tenet Opera Rotas (18500),60,6.88
Rumble in the House (99437),20,6.12
Doodle City (162107),30,6.31
City of Gears (131682),60,6.65
Vast: The Mysterious Manor (252399),120,7.54
Vom Kap bis Kairo (2555),30,6.29
Merchants (32114),30,6.58
Deadwood Studios USA (1489),60,5.9
Normandy '44 (38718),420,7.89
Hornet Leader: Carrier Air Operations (65564),60,7.88
Heroica: Fortaan (94731),20,5.95
Oz Fluxx (117838),40,6.3
There's a Moose in the House (12063),15,5.29
World Championship Russian Roulette (179245),30,6.92
Clubs (125924),30,6.54
Broom Service: The Card Game (192735),30,6.11
Godzilla: Tokyo Clash (303051),45,7.39
Unlock!: Escape Adventures – The Elite (224316),60,6.92
Game of Goose (2785),20,3.45
BATTALIA: The Creation (178944),180,7.37
Factory Funner (183284),40,7.28
Potion-Making: Practice (34169),40,6.16
Gods Love Dinosaurs (316622),45,7.2
Rapa Nui (103132),40,6.75
Aliens: Another Glorious Day in the Corps (256852),120,7.52
Saloon Tycoon (174524),60,7.13
Infinity (21133),120,8.11
Pavlov's House (219101),75,7.99
Stay Alive (2770),30,5.03
The Quest for El Dorado: The Golden Temples (271615),60,7.8
Star Wars: Destiny – Two-Player Game (234931),30,7.13
duck! duck! Go! (35964),40,6.01
Arraial (246150),30,6.68
Carcassonne: The Dice Game (89953),10,4.95
Triassic Terror (135243),120,6.94
World of Tanks: Rush (147030),30,5.91
Gonzaga (57163),60,6.59
German Railways (35285),60,6.84
A Song of Ice & Fire: Tabletop Miniatures Game – Stark vs Lannister Starter Set (223376),60,8.19
"Win, Place & Show (782)",120,6.73
Treehouse (21955),20,5.83
Gorus Maximus (253756),45,6.5
Kaleidos (545),60,6.71
Funkoverse Strategy Game: Harry Potter 100 (292032),60,6.81
Chaos Marauders (Second Edition) (55597),30,5.49
Kariba (84732),15,6.97
Kakerlakensuppe (38391),20,6.17
Minerva (175695),90,6.82
Tripoley (4853),60,5.57
Village Pillage (247342),20,7.43
The World of SMOG: Rise of Moloch (209324),90,7.77
Sagani (309105),60,7.35
Empire Engine (145928),30,5.74
Pocket Battles: Elves vs. Orcs (66081),20,6.52
Doctor Who: The Card Game (125675),60,5.7
Agropolis (314088),20,7.64
Meeple Land (300683),45,7.4
FlowerFall (125315),10,6.01
Ubongo Mini (28258),10,5.55
Halt mal kurz: Das Känguru-Spiel (191057),20,5.82
1862: Railway Mania in the Eastern Counties (66837),300,8.3
Lincoln (246201),120,7.02
Hex Hex (10659),30,5.82
Sushi Dice (142334),20,5.86
Field Commander: Alexander (35350),90,7.11
Funny Bunny (8964),30,5.47
Mousquetaires du Roy (78954),75,6.82
Bad Bones (199223),45,6.87
Santo Domingo (218995),30,6.66
Race! Formula 90 (125752),270,7.99
Dungeons & Dragons Basic Game (17804),90,6.81
Chairs (2922),20,5.68
Harvest (200058),75,7.12
Versailles (160561),90,6.51
The Game: Face to Face (236461),20,7.1
Magna Grecia (5419),90,6.56
Court of the Dead: Mourners Call (248918),90,7.79
Vs System (13293),15,6.78
Facts in Five (1233),30,6.13
Honor of the Samurai (607),60,5.93
What's Up (201054),20,5.84
Bermuda Triangle (2296),30,5.61
Space Cadets: Away Missions (124827),120,7.35
Dwar7s Fall (193483),60,6.57
Rumble in the Dungeon (130827),20,6.34
Lawyer Up (267401),75,7.19
Billabong (464),30,6.87
The Big Idea (696),45,6.29
Archer: Once You Go Blackmail... (198522),30,7.12
Man Bites Dog (4035),10,4.66
Prehistory (234948),120,7.28
Trogdor!! The Board Game (255907),60,6.98
King's Gate (4753),30,6.17
Rush n' Crush (46782),60,6.31
Batman: Gotham City Strategy Game (130911),90,6.04
Mystery Rummy: Murders in the Rue Morgue (371),40,6.73
1313 Dead End Drive (4953),90,5.82
The Very Clever Pipe Game (279),20,6.22
Commissioned (171479),60,7.28
Groo: The Game (194),45,6.3
Municipium (29410),60,6.68
The Really Nasty Horse Racing Game (126),90,6.25
Caper (232824),45,7.17
PAX (101020),45,6.77
Solarquest (1836),60,5.9
Carson City: The Card Game (248117),45,6.92
Tactics II (1574),120,5.44
Magnastorm (257067),100,6.82
Raid on St. Nazaire (1425),180,7.22
Downspin (1099),30,5.49
We Didn't Playtest This Either (42448),10,5.92
Axis & Allies: WWI 1914 (133956),180,7.24
Mythos (1800),45,6.65
Lucidity: Six-Sided Nightmares (222145),30,6.35
Quixo (3190),15,6.17
Mystery Rummy: Al Capone and the Chicago Underworld (5942),40,6.84
Tales of the Arabian Nights (788),120,7.06
Doctor Who: Time of the Daleks (186995),120,7.04
Blue Max (508),60,7.12
Robin of Locksley (280132),45,7.09
Chaosmos (142830),90,6.94
DreadBall: The Futuristic Sports Game (129731),90,7.33
Cartographers Heroes (315767),45,8.01
Quartz (172881),60,6.88
Samarkand (364),40,6.42
Canasta Caliente (1445),60,6.33
Unsettled (290484),90,8.29
Buck Rogers: Battle for the 25th Century Game (548),120,6.47
Thunderstone Advance: Worlds Collide (152765),60,7.75
Stratego (Revised Edition) (40432),30,6.21
Guilds of Cadwallon (134711),30,6.49
Miskatonic School for Girls (109932),60,5.52
War! Age of Imperialism (2718),180,5.6
HEXplore It: The Valley of the Dead King (214484),180,7.74
Freshwater Fly (262540),90,7.28
Marco Polo Expedition (9139),45,6.16
Thunder Road (804),45,6.65
Axis & Allies: Battle of the Bulge (22457),180,6.75
18Lilliput (250621),90,7.21
Button Men (17),5,6.37
BuyWord (8920),45,6.29
Warmachine Prime Mk II (67254),60,7.78
Dampfross (539),90,6.24
Barrel of Monkeys (4149),10,3.56
Trivial Pursuit: The Lord of the Rings Movie Trilogy Collector's Edition (7336),120,5.59
Twin Tin Bots (126239),50,6.29
DICEcapades (29613),30,5.04
Utopia Engine (75223),60,6.89
Legends of the Three Kingdoms (35188),40,5.97
Unicorn Fever (245658),40,7.24
Mutant Meeples (109969),45,6.62
Round House (205498),90,7.14
Tulip Bubble (229414),70,7.16
7 Ronin (154173),30,6.96
World Monuments (192351),45,6.24
Bites (277927),20,7.21
Coney Island (106999),60,6.42
Riftforce (291859),30,7.61
Roulette (15549),1,3.37
Speculation (1036),45,6.69
Burgle Bros 2: The Casino Capers (286537),70,7.55
Raids (234429),40,6.7
A Tale of Pirates (173096),30,7.12
Pacific Typhoon (20079),120,6.65
Escape the Room: Secret of Dr. Gravely's Retreat (199493),90,6.97
Juicy Fruits (325698),50,7.25
Hanafuda (5451),60,6.76
Sultaniya (145012),45,6.53
The Lord of the Rings: Journey to Mordor (175755),20,6.11
Naval War (1674),45,6.26
Catan: Starfarers (282853),120,7.66
Maskmen (159581),20,6.66
Poseidon's Kingdom (105624),60,6.83
D-Day Dice (Second Edition) (233208),45,7.57
Exploding Kittens: Party Pack (256804),15,7.22
A Column of Fire (217949),90,6.53
Hotshots (218050),60,7.07
Ravine (237728),20,6.43
Micropul (10660),30,6.77
Emira (18931),100,5.94
Finito! (34166),20,6.1
Dark World (31),90,5.36
Bios: Megafauna (97915),120,6.91
Gargon (2542),45,6.0
Jetpack Joyride (253215),20,6.69
Silk (255037),45,6.41
Okey Dokey (211940),32,6.51
Canyon (436),45,6.25
Carnival Zombie (140343),120,7.1
Qwixx Deluxe (208775),20,7.12
Loco Motive (41052),15,6.47
Doodle Quest (152757),15,6.72
Skull Tales: Full Sail! (248949),150,7.83
Nyctophobia (249505),45,6.17
Laser Chess (91034),30,6.69
Sherlock: Death on the 4th of July (250779),60,6.49
Gobblet Gobblers (13230),5,6.28
Ankh'or (271530),30,7.0
Flying Colors (8730),240,7.53
Monopoly: Electronic Banking (32032),160,4.93
Time of Soccer (166317),120,7.64
Flash Duel: Second Edition (107190),15,6.85
The Red Dragon Inn 4 (142402),60,7.33
Frostgrave (177354),120,8.15
Urland (2539),90,6.57
Rocky Road à la Mode (200726),30,6.73
Little Devils (111173),15,6.13
Kontor (135),60,5.96
Trekking the National Parks: Second Edition (255708),60,7.11
Probe (2060),60,5.81
Exoplanets (163976),60,6.57
Zombie State: Diplomacy of the Dead (61484),180,6.48
Piña Pirata (154479),30,6.07
Core Space (240271),180,8.83
Exit: The Game – The Stormy Flight (283797),120,6.93
Neue Heimat (32944),45,7.28
Deckscape: Behind the Curtain (267735),90,6.96
Munchkin Panic (156786),60,6.08
Zero Down (651),20,6.46
Nuts! (96188),15,5.62
Truffle Shuffle (298060),30,7.02
Guatemala Café (23053),60,6.26
Desperados of Dice Town (154600),25,6.16
Würfel Bingo (29355),15,6.37
Breakaway Rider (923),20,6.19
Farmageddon (102897),30,6.13
Die Kutschfahrt zur Teufelsburg (168839),30,6.58
Conquest of the Fallen Lands (21380),90,6.8
SPQR (Deluxe Edition) (21551),240,8.01
Castle Keep (17855),20,5.65
World of Warcraft Miniatures Game (34496),45,6.64
Focus (789),45,6.45
BattleTech CCG (3487),20,6.49
DruidenWalzer (376),45,5.88
Soviet Kitchen Unleashed (260407),25,6.92
Valparaíso (257058),90,6.91
Dual Powers: Revolution 1917 (241987),60,7.56
Celtica (21293),30,5.61
Pocket Rockets (43264),20,6.31
Okko: Era of the Asagiri (29602),40,6.7
Burger Up (186701),30,6.87
The Werewolves of Miller's Hollow: The Village (56885),30,6.9
Kaosball: The Fantasy Sport of Total Domination (139992),60,6.6
Advance to Boardwalk (334),60,5.4
Undermining (63167),45,6.41
Vikings on Board (192334),60,6.17
Nuclear Proliferation (1212),30,6.55
Triumvirate (53168),30,6.7
DOS (246701),45,5.04
Big Trouble in Little China: The Game (204286),120,7.66
Beez (299592),45,6.96
Sentinel Tactics: The Flame of Freedom (146408),60,6.63
Control (192240),15,6.53
Last Word (17709),30,5.4
High Frontier 4 All (281655),240,8.57
Quartermaster General: 1914 (208773),120,7.59
Lignum (Second Edition) (222407),120,7.72
How to Rob a Bank (232079),30,6.46
In a Grove (102181),20,6.32
Empyreal: Spells & Steam (220367),75,7.63
Maka Bana (8147),60,6.67
Sheep & Thief (167298),30,6.63
Air Baron (76),120,6.4
Sole Mio! (13530),40,6.23
Pax Britannica: The Colonial Era 1880 to the Great War (1209),300,6.74
A Question of Scruples (1748),60,4.67
Trivial Pursuit: 90's Time Capsule Edition (13945),90,5.14
The Napoleonic Wars (3409),240,7.02
Last Aurora (274450),90,7.45
Quirky Circuits (274093),30,7.29
Hokkaido (260332),40,7.01
Let's Make a Bus Route (251053),30,7.32
Go Away Monster! (6714),15,6.46
Tarot (4505),30,6.81
Crossbows and Catapults (2129),30,6.58
Journey to the Center of the Earth (34010),60,6.28
Indulgence (215308),60,6.82
Havoc: The Hundred Years War (19363),60,6.69
Aeroplanes: Aviation Ascendant (119337),120,6.57
Crossfire (230059),10,6.48
Crows (71973),45,6.39
TSCHAK! (104377),40,6.34
Quodd Heroes (207991),90,7.35
Jerusalem (63632),90,6.72
Cat Blues (363),30,5.93
1754: Conquest – The French and Indian War (206150),120,7.81
Fossilis (280032),60,7.31
Genotype: A Mendelian Genetics Game (252752),90,7.69
Car Wars: The Card Game (1126),60,5.49
Unexpected Treasures (4475),30,6.23
Feudality (99312),90,6.49
"Sun, Sea & Sand (84772)",60,6.92
Set & Match (270847),30,7.48
The Reef (509),60,5.69
Zona: The Secret of Chernobyl (209671),180,7.44
Monkeys on the Moon (4356),60,6.2
Smash Up: What Were We Thinking? (216658),45,7.46
"Warhammer 40,000: Kill Team (256066)",60,7.78
Warfighter: The WWII Tactical Combat Card Game (196496),90,7.85
Moongha Invaders: Mad Scientists and Atomic Monsters Attack the Earth! (64826),120,6.64
Cerberus (256918),45,6.77
Dobble: Free Demo Version (125048),5,6.46
Illimat (210040),60,7.39
Draco Magi (142262),30,6.31
Terrors of London (225910),40,7.14
"Fort Sumter: The Secession Crisis, 1860-61 (229956)",40,6.59
Chabyrinthe (33088),15,6.09
Coffee Traders (325022),150,7.86
Trieste (148291),25,6.6
Paper Dungeons: A Dungeon Scrawler Game (291962),30,7.44
Doge (854),45,6.5
"Spot it! 1,2,3 (117995)",15,6.32
Man O' War (2516),180,7.18
Trivial Pursuit: Family Edition (2001),90,5.5
Brew (332386),90,7.25
Dragomino (300010),15,7.19
Do De Li Do (206939),20,6.58
Sumeria (39832),60,6.58
Mars Attacks: The Dice Game (155119),20,5.92
Advanced Third Reich (283),2480,6.91
Break the Safe (7824),30,6.08
Boomerang: Australia (296167),30,7.0
Master Thieves (10947),60,6.54
Rolling Freight (74390),180,6.8
Sword & Skull (14992),60,5.48
Wordsy (208480),20,6.98
Axis & Allies: War at Sea (25794),60,7.04
Bravo! (285894),20,7.36
Beasty Bar: New Beasts in Town (181617),20,7.04
Hands in the Sea (136955),120,7.88
Anti-Monopoly (1931),120,3.67
Legends of Andor: The Last Hope (198287),90,7.9
Naval Battles (13728),30,5.94
Kabuto Sumo (320390),15,7.09
Rolling Ranch (249673),20,6.78
TRAILS (338628),40,7.22
Mechwarrior: Dark Age (3864),60,6.27
Stoner Fluxx (8804),15,5.67
Doppelkopf (9364),120,7.53
Humans!!! (33040),60,5.81
Zombiaki (15474),15,6.15
Resident Evil 2: The Board Game (233896),120,7.5
Squint (3595),30,5.99
Import / Export (217776),90,7.26
Ardennes '44: The Battle of the Bulge (7858),360,8.04
Blitzkrieg (4168),90,5.91
Monster Crunch! The Breakfast Battle Game (256541),20,6.38
Hex (4112),20,6.72
Bean Trader (4395),90,5.79
Spy Club (227545),45,7.07
Targui (202),120,6.38
Such a Thing? (6657),30,6.14
Hoax (Second Edition) (182218),20,5.94
Family Fluxx (17816),30,5.71
Aliens (1770),90,7.28
Mandala Stones (317504),30,7.16
Space Park (243358),30,7.26
Here I Stand: 500th Anniversary Edition (242722),360,8.59
Great Western Trail (Second Edition) (341169),150,8.56
The Phantom Society (142197),20,5.84
The World Cup Game (23604),180,7.07
Smash Up: Big in Japan (216199),45,7.5
The Big Taboo (25738),60,6.32
PIX (67181),30,6.65
BattleCON: Fate of Indines (162388),60,7.91
The Tea Dragon Society Card Game (236709),60,6.31
Go West! (15180),45,5.78
Sheriff of Nottingham (2nd Edition) (298638),60,7.56
Patton's Best (4556),120,6.67
Full Metal Planète (20),90,7.49
Stratego Legends (484),60,5.8
Aqualin (295948),20,7.04
Patchwork Express (246639),10,7.01
Gaslands: Post-Apocalyptic Vehicular Combat (184824),90,8.12
Bring Your Own Book (173441),20,6.81
Bridge Troll (40235),45,6.03
Bellz! (167292),15,6.08
Jekyll vs. Hyde (297129),30,7.28
Chainsaw Warrior (1827),60,5.9
Age of Gods (13071),90,6.32
Arena: The Contest (219217),90,8.8
Chariot Race (193212),45,6.05
Settlers of Catan: Gallery Edition (38821),60,6.7
Mahé (3383),20,6.33
30 Seconds (25213),30,6.67
Air Force (3608),60,6.46
Vietnam 1965-1975 (5620),6000,7.45
Mountain Goats (305985),20,7.04
Venture (1206),45,6.47
1860: Railways on the Isle of Wight (12750),240,7.91
My Happy Farm (100734),45,6.42
Dust Tactics (36367),30,7.12
Trekking the National Parks (154428),60,6.98
Codinca (131568),30,6.21
Turning Point: Stalingrad (759),1800,7.26
The Great War (173105),60,7.77
Bios: Origins (Second Edition) (235555),240,7.9
Zombie Teenz Evolution (310448),25,7.96
Realm of Sand (256623),60,6.81
Pony Express (42490),45,6.47
Diamonsters (144036),20,5.51
Das Amulett (1350),60,6.43
The Haunting House (8569),45,5.08
Senet (2399),30,5.81
Heartland (30356),60,6.83
Cardline: Globetrotter (145014),15,6.38
Mr. Cabbagehead's Garden (192312),20,7.22
Strike of the Eagle (83734),240,7.55
Krieg und Frieden (48),90,6.09
Monopoly: The Simpsons (3394),120,5.25
Grog Island (163931),75,6.58
Atlanteon (216),30,5.82
Food Fight (99097),30,6.06
Boonlake (343905),160,7.86
Key Market (78733),90,7.38
Origami (234469),30,6.69
Dragon Strike (1149),60,6.32
"Silent Victory: U.S. Submarines in the Pacific, 1941-45 (154875)",180,8.02
Planes (156976),30,5.94
Northern Pacific (138704),60,7.05
Dead Man's Doubloons (201509),45,6.68
Tribes: Dawn of Humanity (258104),45,6.83
Are You the Traitor? (41541),30,5.04
Schrille Stille (831),90,6.47
Winds of Plunder (7571),120,6.44
Kluster (277458),20,6.77
Die Säulen der Erde: das Kartenspiel (67593),60,6.14
Siena (18932),90,6.15
1835 (422),360,7.05
Shit Happens (196379),60,5.49
Flowerpower (1545),30,6.56
Camp Grizzly (143096),60,7.43
Tulipmania 1637 (33732),60,6.16
Dale of Merchants Collection (251551),60,7.91
Chimera (156373),45,6.98
The Walking Dead: All Out War (191301),120,7.81
Cry Havoc (1323),240,6.87
New Dawn (135654),120,6.85
Cryo (330608),90,7.38
Days of Steam (38364),60,5.96
Trump: The Game (1824),90,4.41
OrganATTACK! (201406),15,6.3
A Handful of Stars (197320),120,7.32
Loot Island (235512),60,6.51
Deadline (145601),60,6.72
Steampunk Rally Fusion (298229),60,7.69
Confucius (32014),100,6.8
UGO! (139326),40,6.59
Tsukuyumi: Full Moon Down (185538),150,8.1
Pick & Pack (26235),20,6.46
Tales of Glory (246816),45,7.25
Panzergruppe Guderian (3041),300,7.34
Filthy Rich (441),60,6.39
Carcassonne: Safari (256065),35,7.07
Space Gate Odyssey (266179),90,7.08
Alibi (1417),45,5.47
Quebec 1759 (85),60,6.96
Zug um Zug: Deutschland (119637),60,7.57
Therapy (4355),90,5.32
20 Questions (3377),30,5.69
Pocket Imperium (147299),45,6.22
TEAM3 GREEN (275870),30,7.04
España 1936 (31291),180,7.26
The Edge: Dawnfall (207729),90,8.31
Proving Grounds (268890),45,6.78
The Red Dragon Inn 5: The Character Trove (173634),60,7.62
Cruel Necessity: The English Civil Wars 1640-1653 (70519),60,7.45
Packet Row (144492),75,6.12
God's Playground (38309),180,7.4
18AL (2612),180,7.18
Pyramid Poker (213953),30,6.49
Party Alias (43530),30,6.12
Letter of Marque (29096),20,4.78
Connect 4 (Revised Edition) (65262),15,5.23
Devil Bunny Needs a Ham (185),30,5.4
Papà Paolo (195867),75,6.97
Detective: A Modern Crime Board Game – Season One (293531),120,7.07
Amul (260710),45,6.97
Would You Rather...? (677),20,4.38
Colt Super Express (299027),20,6.9
Mogul (174744),45,6.8
Pay Dirt (125050),90,6.73
Smile (227893),30,6.65
Cellar des Triplettes 醉佳拍檔 (12830),45,6.2
Eminent Domain: Battlecruisers (163641),30,6.37
Tanz der Hornochsen! (13005),30,6.51
Unlock!: Exotic Adventures – Scheherazade's Last Tale (258413),60,6.59
Twilight Imperium (24),240,6.63
Ticket to Ride: Amsterdam (309113),15,7.1
The Warlock of Firetop Mountain (1144),120,5.94
Girl Genius: The Works (1463),30,6.05
Crusader Kings (253574),180,6.94
Unhappy King Charles! (18748),240,7.62
Skulls of Sedlec (303553),20,7.54
Skytear (259061),45,8.27
Hengist (182875),20,4.76
Chez Goth (9962),60,5.97
Batt'l Kha'os (42444),30,6.28
Dungeon Command: Curse of Undeath (124969),90,7.46
Mag·Blast (Second Edition) (6209),20,6.33
Attack on Titan: Deck-Building Game (194230),90,6.94
Way of the Panda (204575),90,6.92
Spectaculum (104573),45,6.44
Day & Night (35935),45,6.61
Talon (145976),90,7.57
Plague & Pestilence (669),45,6.22
Knights of Charlemagne (182),30,6.37
Bohemian Villages (193651),30,6.25
One Key (263155),20,6.57
The Great Battles of Alexander: Deluxe Edition (11057),240,7.69
MIL (1049) (105187),120,6.58
Cantaloop: Book 1 – Breaking into Prison (325555),720,7.79
Lanterns Dice: Lights in the Sky (274090),45,6.92
Kharnage (194196),30,6.28
Shaky Manor (232045),20,6.12
Dweebies (65814),20,5.92
MicroMacro: Crime City – Full House (338834),45,8.0
Tycoon (267),90,6.77
Way Out West (884),120,6.14
Orient Express (2363),60,6.67
Ultimate Mastermind (3874),10,5.95
The Mind Extreme (287607),20,7.03
Sky Traders (121958),180,6.11
[redacted] (161578),45,6.19
Mage Knight Dungeons (2876),60,6.68
Pax Romana (17393),600,7.41
Jim Henson's Labyrinth: The Board Game (198447),120,5.23
Keltis: Das Orakel (66085),30,6.87
Chronicles of Crime: 1900 (302098),90,8.27
Cobra Paw (220700),15,6.28
Gipsy King (32382),30,6.54
Cuzco (249411),90,7.52
Die Fugger (8130),45,6.43
Texas Showdown (225482),45,7.19
Mhing (1452),60,6.67
Carcassonne: Over Hill and Dale (182082),35,7.33
HexRoller (267568),15,6.29
Epic PVP: Fantasy (168770),20,6.42
The Arab-Israeli Wars: Tank Battles in the Mideast (3218),240,6.39
Red Flags (189062),30,6.26
On the Origin of Species (276004),80,7.0
Firefly Adventures: Brigands and Browncoats (231991),120,7.07
Fish Eat Fish (7538),30,5.7
Gold Digger (290),20,5.73
Der schwarze Pirat (23890),15,6.52
Twenty One (217475),15,6.46
Russian Front (329),1200,7.22
Call of Cthulhu: Collectible Card Game (8817),30,6.86
Pericles: The Peloponnesian Wars (199904),360,7.91
Haleakala (177727),40,6.64
Catan Junior (184842),30,6.54
Upon a Salty Ocean (97273),120,6.5
Empires of the Void (98347),120,6.72
Starship Samurai (245357),75,7.05
Napoleon in Europe (3518),360,6.62
Dungeon Command: Tyranny of Goblins (124968),90,7.41
Century: Golem Edition – An Endless World (312318),45,7.75
Cartagena (224031),45,6.67
Unmatched: Little Red Riding Hood vs. Beowulf (325635),20,8.43
Sherlock 13 (149869),15,6.45
Vino (142),90,6.45
"1066, Tears to Many Mothers (155122)",60,7.13
Oriente (9792),30,5.79
The Kids of Catan (5824),20,5.24
The Great Wall (292375),180,7.99
Escape Tales: Low Memory (282291),540,6.8
Epic Resort (151151),120,6.49
Ada's Library (6481),20,6.38
Ramses II (2629),30,5.76
Axis & Allies:  Guadalcanal (29259),120,6.88
EastFront (77),240,7.66
Melee (3464),15,7.31
Cupcake Empire (256067),60,7.14
Fossil (61),40,5.44
"Freedom in the Galaxy: The Star Rebellions, 5764 AD (1717)",1200,6.72
Catan Geographies: Germany (38749),60,6.84
Dairyman (194553),30,6.35
Summit: The Board Game (201186),180,7.15
Nanuk (54433),45,6.19
The Manhattan Project 2: Minutes to Midnight (177659),150,7.36
Cloud City (313963),60,6.77
British Rails (2689),180,6.92
Stellar (293678),30,7.49
Pow Wow (31545),30,6.62
Melee (165657),20,5.81
Risk: 40th Anniversary Collector's Edition (23010),120,6.36
Herbaceous Sprouts (244099),30,7.05
Visitor in Blackwood Grove (231223),15,6.24
Narcos: The Board Game (253106),100,7.26
Graenaland (24843),90,6.71
The Great Dinosaur Rush (179071),60,7.08
Aventuria: Adventure Card Game (190400),180,7.52
Adios Amigos (41658),15,6.18
Excavation Earth (292126),120,7.39
Lost Legacy: Second Chronicle – Vorpal Sword & Whitegold Spire (173319),10,6.8
War of the Worlds: The New Wave (226631),60,7.18
Pathfinder Adventure Card Game: Core Set (271060),90,7.78
Unlock!: Exotic Adventures – Night of the Boogeymen (258412),60,6.83
Foothills (270538),45,7.11
Tail Feathers (179820),90,7.04
Travel Blog (85105),30,6.1
Who's the Ass? (11104),30,6.08
The Ares Project (65534),60,6.57
In the Name of Odin (184700),60,6.67
Under the Shadow of the Dragon (13751),90,6.51
Anachronism (14038),5,6.05
Siam (20782),15,6.67
Cypher (163354),25,5.93
Bolide (20865),120,6.51
Barbarians: The Invasion (219832),90,7.47
High Frontier (Third Edition) (172737),240,8.24
Holland '44: Operation Market-Garden (207572),900,8.3
Bumúntú (201006),40,6.98
Dread Curse (136356),30,6.34
Sky Tango (126750),20,6.31
Say Bye to the Villains (140795),45,6.35
Witch Trial (1203),45,6.24
Enemy in Sight (264),120,6.24
Botanik (271529),20,7.76
Montego Bay (40761),60,6.25
Blossoms (245710),20,6.09
Starfighter (171226),30,6.73
Black Spy (1982),45,6.32
Arimaa (4616),60,7.23
X nimmt! (205885),25,6.79
Bucket Brigade (359),30,6.06
Era of Tribes (196354),180,8.07
Welcome to Centerville (178302),80,6.96
Mechanica (268493),75,6.92
Galaxy Trucker (336794),30,7.83
Cubist (147431),45,6.75
Fact or Crap (3990),30,3.8
Sebastian Fitzek Safehouse (234877),30,6.53
Tumblin' Monkeys (12826),15,5.47
Mammut (95613),30,6.25
Funkoverse Strategy Game: DC Comics 100 (292034),60,6.95
Clue: The Card Game (3269),45,5.85
Die Magier von Pangea (1309),60,6.22
Warehouse 51 (177702),45,6.19
FAB: The Bulge (20133),240,7.4
Four Gardens (296043),45,7.34
Unlock!: Mythic Adventures (302425),60,7.86
Valley of the Kings: Last Rites (197065),45,7.4
Ascension: Dreamscape (185123),60,7.61
Bristol 1350 (308989),40,7.01
Monster Factory (112598),30,5.99
Rome & Roll (267009),90,6.99
Yahtzee Free for All (37296),20,6.27
De Bellis Antiquitatis: Quick Play Wargame Rules with Army Lists for Ancient and Medieval Battles (299),60,7.29
Ascension: Dawn of Champions (172155),30,7.33
America (192297),45,6.84
Trivial Pursuit: Genus 5 (2819),90,5.54
Smarty Party! (7062),60,6.58
Topoum (188314),90,7.27
Three Cheers for Master (175961),40,6.29
Ottoman Sunset: The Great War in the Near East (84465),30,7.33
Break the Code (227466),15,7.24
You've Got Crabs (246759),20,6.08
"Thirty Years War: Europe in Agony, 1618-1648 (2748)",360,6.88
Dragon Parade (26472),30,5.79
TEAM3 PINK (247694),30,7.0
War of 1812 (1645),90,7.02
Voodoo Prince (234248),20,7.0
World at War: Eisenbach Gap (25729),90,7.49
Pluckin' Pairs (121041),50,6.75
Tuki (270168),45,6.92
Clue FX (8069),30,6.24
Fealty (96704),30,6.67
Huns (233973),45,6.81
Callisto: The Game (55705),20,6.23
Reworld (225163),90,6.71
Fire Tower (226605),30,7.28
Unlock!: Exotic Adventures – Expedition: Challenger (258411),60,6.82
Buzzword (8690),45,5.73
Battle For Souls (123160),60,6.88
The Lord of the Rings Dice Building Game (130912),30,5.63
Dawn of the Zeds (Second edition) (144568),90,7.86
Snail's Pace Race (2767),10,5.15
After The Empire (200511),120,7.68
Timeline: Star Wars (183797),15,6.14
Dungeonology: The Expedition (267652),105,6.9
Junior Labyrinth (1218),15,5.71
Blood Feud in New York (14258),180,6.1
oddball Äeronauts (142687),20,5.87
Burke's Gambit (206754),20,6.75
Blitz Bowl (247104),60,7.92
Rondo (129614),25,6.56
Wellington: The Peninsular War 1812-1814 (11265),180,6.93
"Goblins Drool, Fairies Rule! (124390)",15,6.08
Burn Rate (3341),45,6.05
Order of the Gilded Compass (200924),60,6.88
Defenders of the Last Stand (169464),120,7.49
Deadlands: Doomtown (1037),45,7.26
Vampire Empire (128698),30,6.68
Evil Baby Orphanage (128565),15,5.27
Blood Royale (248),240,6.56
Go-Moku (11929),5,5.96
Inka (16498),45,5.37
Bitoku (323612),120,7.99
Mosaix (55834),20,6.55
Escape the Dark Sector (280748),60,7.91
Blockbuster (272438),60,6.65
Oh Snap! (5259),20,5.34
Six (20195),20,6.24
Bacchus' Banquet (33911),30,5.98
Stardew Valley: The Board Game (332290),200,7.09
Tiddledy Winks (4792),10,4.01
Matcha (166107),20,6.35
Techno Witches (16373),50,6.15
Team Play (181329),30,6.94
Dungeon Mayhem: Monster Madness (295577),10,7.6
Monasterium (317231),120,7.49
Expancity (201846),90,7.0
The New Science (114667),90,6.43
Vengeance (205477),120,7.14
12 Realms (68606),90,5.68
Uruk: Wiege der Zivilisation (38797),60,6.7
DaVinci's Challenge (17136),30,5.57
Animalia (27117),15,6.2
Just4Fun (17534),25,5.84
Flourish (312618),60,7.02
The Secret of Monte Cristo (90190),60,6.16
Word Domination (205057),45,7.08
Cosmic Cows (2541),30,5.89
Darkest Night (Second Edition) (193670),180,7.6
Kitty Paw (180867),30,5.82
Legendary: Big Trouble in Little China (200171),60,7.05
Delve (217894),60,6.5
Dreamwell (180761),45,6.54
Hats (281658),30,6.92
Buccaneer Bones (147790),15,5.84
Horizons (195194),75,6.83
Bonnie and Clyde (16320),45,6.26
Was sticht? (155),60,6.96
Lectio (19184),20,6.83
Antarctica (182074),90,6.32
Express (379),60,6.2
Swish (99219),10,6.11
Salmon Run (129820),45,6.53
Fidelitas (160784),30,6.2
Ristorante Italia (91189),90,6.81
Band of Brothers: Screaming Eagles (41429),90,7.74
The Walking Dead Board Game (99079),45,5.02
18CZ (163841),250,7.82
Cashflow 101 (6552),180,5.2
Micro Robots (191543),20,6.3
Fresh Fish (164698),45,6.95
Cluzzle (9606),45,6.28
Frogriders (217362),30,6.53
DIG (197178),10,6.4
Back to the Future: Dice Through Time (292564),60,6.91
Clockwork Wars (139952),90,7.6
Flight Leader (3711),180,6.19
Boom-O (1333),20,5.36
Canterbury (136440),90,6.94
Hostage Negotiator: Crime Wave (198707),20,7.49
Don Quixote (65990),20,6.11
RAF (3202),180,7.38
Puzzle Strike Shadows (123609),20,7.82
Pocket Madness (201920),30,6.07
Monopoly: The Card Game (684),30,5.54
Storm Over Stalingrad (24920),180,7.12
Justinian (22938),45,5.81
The Wizard Always Wins (232829),30,6.7
Aeon's End: Outcasts (299317),60,8.76
Baltimore & Ohio (43307),120,7.17
Score Four (3656),30,5.97
TAGS (248002),40,6.54
1849: The Game of Sicilian Railways (3097),180,8.25
Zombiaki II: Attack on Moscow (56128),30,6.13
Hand of Fate: Ordeals (216381),120,7.3
Monopoly Empire (145842),25,5.56
Bring Out Yer Dead (158534),40,6.35
Dilbert: Corporate Shuffle (1814),15,5.98
Healthy Heart Hospital (186721),90,7.25
Spellfire (4229),90,5.24
Golem Arcana (146725),45,6.48
Attack on Titan: The Last Stand (181254),30,6.64
God of War: The Card Game (278120),180,6.75
Get Lucky (120447),20,6.0
Fairytale Gloom (172062),60,6.5
Stocks & Bonds (1590),60,5.72
Kill The Unicorns (204602),45,7.09
Zpocalypse (108665),100,6.08
Power Rangers: Heroes of the Grid (258148),60,8.06
Caesar: Epic Battle of Alesia (1430),360,7.12
Catacombs & Castles (194286),60,6.83
Marvel Dice Masters: The Amazing Spider-Man (177939),60,7.36
Sellswords (159868),15,6.55
Exit: The Game – The Enchanted Forest (295944),90,7.22
Big Shot (1125),30,6.68
Vienna (171492),30,6.5
The Guns of Gettysburg (36400),180,7.81
Lock 'n Load: Band of Heroes (18460),60,7.4
Dinosaur Island: Rawr 'n Write (318009),45,7.93
Valley of the Vikings (269526),20,6.71
Tumult Royale (180591),40,6.52
Half-Pint Heroes (216578),60,6.68
Under Falling Skies: A 9-Card Print-and-Play Game (273779),40,7.43
Chartae (269257),10,6.58
Blood Bowl (3071),120,5.99
Carla Cat (3727),20,5.71
Mezo (243797),120,7.28
W1815 (175360),20,7.4
Time 'n' Space (137238),30,6.2
M (872),30,6.34
Vampire: Prince of the City (13456),180,6.39
World of Yo-Ho (163937),90,6.44
Rubik's Race (614),5,6.03
Dungeons & Dragons: Tomb of Annihilation Board Game (228668),60,7.67
Briefcase (88016),60,6.27
Matryoshka (192185),20,6.62
The Initiative (328908),60,7.7
Copenhagen: Roll & Write (282463),40,6.69
Ninja: Legend of the Scorpion Clan (101013),45,6.49
Warhammer Age of Sigmar (180241),180,6.72
Exit: The Game – The Cemetery of the Knight (295945),120,7.23
Apex Theropod Deck-Building Game (156266),290,7.26
Dice Throne: Season Two – Tactician v. Huntress (266965),40,7.88
Anzio (4173),120,6.73
Ilôs (219232),40,6.79
Belle of the Ball (139897),45,6.03
Starcadia Quest (257193),60,7.63
The Isle of Doctor Necreaux (42892),40,5.47
Double Down (3337),30,5.62
Iberian Gauge (228372),90,7.45
Lobotomy (173805),180,7.25
Pixel Tactics 3 (152899),30,7.11
Concept Kids: Animals (247314),20,7.1
Conquistador: The Age of Exploration (1506),420,6.51
Henchmania (204817),60,6.91
Barbarossa (72809),60,6.83
Firefly: Shiny Dice (163170),30,5.46
Jericho (21709),15,6.07
Dungeon Rush (207338),19,6.33
Monarch (173115),45,6.77
Träxx (173092),15,6.58
Gardens (153422),45,6.61
The Guns of August (4358),1080,5.91
Space Race: The Card Game (191177),60,6.92
A Game of Thrones Collectible Card Game (4286),30,6.85
Burgoo (31971),15,5.67
Warriors (11415),30,5.01
Karuba: The Card Game (235465),15,6.39
Spike (165876),60,6.69
Fold-it (206844),20,6.25
Wreckage (8593),45,5.5
The Swarm (38735),75,6.38
UNO Stacko (2821),20,5.52
Survive: Space Attack! (177147),60,7.03
Iquazú (235627),50,6.86
The King's Abbey (159059),180,6.91
CABO (Second Edition) (271321),45,7.29
Half Truth (287158),45,7.0
Vampire (497),30,5.93
Trivial Pursuit: Bet You Know It (72448),60,5.88
Godspeed (286160),90,7.18
The Lord of the Rings: The Two Towers Deck-Building Game (142555),45,6.87
Minotaur Lords (10908),30,5.94
Colorpop (125028),20,5.55
"Here, Kitty, Kitty! (187289)",30,6.23
Lost Valley: The Yukon Goldrush 1896 (130605),45,6.75
Nile DeLuxor (93971),30,6.82
Yeti (189294),40,6.32
Die Säulen von Venedig (25114),60,6.59
Llamaland (330038),45,7.46
Counterfeiters (257380),35,6.9
Wool Rules (28037),30,5.99
The Worst-Case Scenario Survival Game (5050),40,3.36
The Royal Game of Ur (1602),30,5.98
Alone (181495),120,7.58
Battue: Storm of the Horse Lords (27823),60,5.95
Cranium Cadoo (6420),45,5.33
The Magnates: A Game of Power (155025),90,6.73
Crazy Kick (21930),10,6.32
Basilica (38931),45,6.56
Tank Duel: Enemy in the Crosshairs (214234),180,7.7
CapCom Street Fighter Deck-Building Game (145888),45,6.64
Om Nom Nom (147305),20,6.29
Shazamm! (8935),30,6.17
Runewars Miniatures Game (205907),90,7.61
Icehouse (225),20,6.64
Die Fiesen 7 (186302),25,6.5
Lazer Ryderz (210052),60,6.36
Formula-1 (1535),120,6.65
Monster Expedition (313698),30,6.94
Duell (9735),30,6.33
Owner's Choice (27298),45,6.17
History of the World (235591),180,7.4
Shifty Eyed Spies (232830),20,6.78
Cataclysm: A Second World War (125977),600,7.64
The BoardGameGeek Game (43249),60,6.01
Tudor (219512),120,6.93
Familienbande (11081),20,6.33
Dead Drop (161926),10,6.36
Guildhall Fantasy: Fellowship (202755),45,7.11
Gwent: Monsters and Scoia'tael (178147),30,6.58
Nippon Rails (1830),240,6.88
Kneipenquiz: Das Original (204801),40,7.47
Pacific War: The Struggle Against Japan 1941-1945 (5622),6000,7.67
Mystery House: Adventures in a Box (269537),60,6.32
The Grizzled: Armistice Edition (231327),45,7.83
Stellar Conquest (1708),480,6.44
Lady Alice (126912),30,6.31
Resident Evil Deck Building Game: Alliance (91773),45,6.9
WINK (13507),20,6.62
Sherlock (3586),20,6.27
An Infamous Traffic (206490),90,7.36
Silent War (17484),120,7.32
Gambit 7 (47046),15,6.73
Kingdom of Solomon (87821),60,6.9
Legendary Encounters: The X-Files Deck Building Game (256874),60,7.74
Dice Brewing (157322),45,6.12
Maya (8126),90,6.3
Fine Sand (257733),30,6.71
N.Y. Chase (534),45,6.4
Space Hulk (Second Edition) (63091),90,7.49
Mordred (5869),45,6.18
Imperium Romanum II (1496),240,6.62
Harry Potter: Death Eaters Rising (283211),90,7.15
Masters of Venice (40276),90,6.63
Conspiracy (697),90,6.24
Reiner Knizia's Amazing Flea Circus (5697),10,5.8
Dragon Farkle (128174),30,6.44
Source of the Nile (1577),180,6.51
Caveman Curling (67453),20,6.26
The Dutch Golden Age (35289),60,6.35
Zero! (2247),60,6.94
Party & Co (13972),45,5.53
Solar Storm (274037),60,7.1
Looting London (37615),30,5.87
Time's Up! Family (88126),30,7.06
Skyline 3000 (54643),60,6.32
The Lady and the Tiger (222643),20,6.55
Romans Go Home! (140997),15,5.96
Gangster (31621),90,6.16
Dungeon Command: Blood of Gruumsh (126008),90,7.52
Let's Go Fishin' (13166),10,4.4
Suspicion (204886),60,6.21
Montgolfiere (704),45,5.85
Heads of State (38778),120,6.1
Wacky Races: The Board Game (256729),20,6.57
Warmachine: High Command (138104),60,6.13
Pit Crew (218161),30,6.47
BasketBoss (56758),50,6.46
Curses! (5298),25,5.67
Comanchería: The Rise and Fall of the Comanche Empire (159692),360,8.01
TEN (335609),30,7.2
Rockwell (139562),90,7.1
Wheedle (5393),30,6.21
Subatomic: An Atom Building Game (207910),60,7.0
"Warhammer Epic 40,000 (5316)",180,6.63
Dilluvia Project (139245),120,7.24
Cosmogenesis (227273),60,7.42
Winter Tales (122599),90,5.8
Might & Magic Heroes (108344),180,6.51
Endangered (220133),90,7.66
Linkee! (147194),30,6.34
Twin It! (222887),10,6.84
Bling Bling Gemstone (123228),20,6.53
Snowblind: Race for the Pole (181523),60,6.84
Galaxy: The Dark Ages (718),90,6.27
Svea Rike (270),120,6.4
Escape from 100 Million B.C. (206206),90,6.86
Railroad Rivals (244212),60,6.52
Gobbit (132620),20,6.46
Star Wars: Episode 1 – Clash of the Lightsabers (90),20,6.22
Fastrack (41762),10,6.38
This Game is Bonkers! (1943),10,5.81
Fortress Europa (4050),240,6.67
Dungeon Dice (136192),20,6.76
Frosthaven (295770),120,6.83
Jurassic Snack (241164),15,6.79
On the Dot (22465),5,6.16
Dirty Minds: The Game of Naughty Clues (2956),45,4.06
Fill or Bust (193),30,5.7
Star Trek Deck Building Game: The Original Series (122690),90,6.67
Rocketville (21239),45,5.1
BUS (164159),20,6.26
Cowabunga (19646),30,5.89
Orcs Orcs Orcs (165477),45,6.38
Magic: The Gathering – Arena of the Planeswalkers: Shadows over Innistrad (203204),60,6.79
Small Star Empires (178044),30,7.17
Volldampf (1338),90,6.85
Super Scrabble (11182),60,6.38
Level X (63975),20,6.26
TIME Stories Revolution: The Hadal Project (287742),180,7.25
A Dog's Life (2940),90,5.53
Tomb: Cryptmaster (43320),120,6.5
HUE (159143),10,6.38
EastFront: The War in Russia 1941-45 – Second Edition (22143),240,8.08
Hoplomachus: Origins (176524),30,7.76
Scrabble Junior (2318),30,4.7
"Ciao, Ciao... (1163)",30,5.96
Catan Histories: Merchants of Europe (103091),120,6.65
The U.S. Civil War (162009),360,8.23
Small City (130486),120,7.5
Elements (73313),20,6.82
1861: The Railways of the Russian Empire (23817),360,7.55
Vs System 2PCG: The Marvel Battles (178892),30,6.95
Manifest Destiny (12283),180,6.5
Dice Throne: Season Two – Cursed Pirate v. Artificer (266967),40,7.91
Lignum (174155),120,7.23
Periodic: A Game of The Elements (257582),40,6.82
Cosmic Frog (295905),90,7.53
Continental Express (142432),20,6.02
Navia Dratp (10819),30,7.18
Shamans (313262),60,7.26
Disney Villainous: Despicable Plots (331050),60,7.69
Wildlife Adventure (156),60,6.8
Fliegen klatschen (10164),15,5.98
Infection: Humanity's Last Gasp (142854),45,7.31
2nd Fleet: Modern Naval Combat in the North Atlantic (4090),240,7.3
Too Many Cinderellas (160409),10,6.37
Monopoly: Pokémon (5758),120,5.34
Railroad Ink Challenge: Shining Yellow Edition (306882),30,7.78
Giro Galoppo (21985),30,6.66
Limits (1253),45,5.97
"Duck, Duck, Bruce (2114)",20,6.18
Pulp Detective (233149),30,5.76
Era of Inventions (79282),90,6.03
Adventure Time Fluxx (178209),30,6.47
Fluxx: The Board Game (140796),30,5.69
Batik (3706),10,5.92
Feurio! (8017),30,6.13
Elfenroads (180325),90,7.03
Rage (2133),45,6.09
Mogul (4562),45,6.47
Shadows over the Empire (121615),30,5.98
Cosmic Encounter Duel (298572),30,6.98
Anno Domini: Erfindungen (3137),30,6.73
The Red Dragon Inn: Battle for Greyport (193668),100,7.17
Déjà Vu (217321),15,6.58
Tobruk:  Tank Battles in North Africa 1942 (5455),90,6.42
Gravity Superstar (254088),30,6.76
Floor Plan (275469),40,6.68
Lucky Loop (8127),45,5.31
Mental Blocks (275089),20,6.91
King of 12 (302917),40,6.85
Armageddon (207208),90,6.59
NATO: The Next War in Europe (2079),240,6.7
Bremerhaven (137237),120,6.55
BONK (230852),10,6.58
Broadsides & Boarding Parties (96),60,6.18
Felinia (84869),60,6.45
Fruit Spy (16144),20,5.8
Tarantel Tango (55833),20,6.1
Trumpet (352),45,6.18
Station Master (9615),60,6.14
Dungeons & Dragons: Waterdeep – Dungeon of the Mad Mage Board Game (264196),60,7.81
Battleground: Crossbows & Catapults (30328),60,6.58
We're Doomed! (264806),15,6.59
Criss Cross (220988),10,6.38
Plunder (13347),45,6.14
Nox (123370),20,5.76
Reichbusters: Projekt Vril (262733),90,7.72
Betrayal at Mystery Mansion (302809),50,6.78
Okanagan: Valley of the Lakes (230089),45,6.74
King's Road (216974),30,6.6
Regatta (766),60,6.35
Santy Anno (24416),30,6.33
Agility (179933),45,7.07
Warrior Knights (1143),180,6.64
The Siege of Jerusalem (Third Edition) (1710),300,7.1
SHH (164158),10,6.41
Perdition's Mouth: Abyssal Rift (149787),180,7.48
Architectura (256390),45,6.09
Sherlock Holmes: The Card Game (458),60,6.2
Hoot Owl Hoot! (94483),15,6.44
Escape Room in a Box: The Werewolf Experiment (188720),90,7.16
ALIEN: Fate of the Nostromo (332321),60,7.25
The Game of Life (40th Anniversary Edition) (23964),30,4.51
Hack Trick (181440),25,6.39
Cairn (275916),25,7.54
Divine Right (23),360,7.14
Pantone: The Game (248584),30,6.38
Nobody but Us Chickens (6117),20,6.13
Kraków 1325 AD (37461),120,6.44
Fiesta de los Muertos (285253),15,7.25
Chicken Caesar (88513),90,6.66
Jäger und Sammler (65568),45,6.67
Canal Grande (4401),45,6.39
Friesematenten (82402),45,6.27
Waste Knights: Second Edition (247585),180,7.85
TOKYO METRO (235344),90,7.35
Pyramix (153709),15,6.4
"Rivers, Roads & Rails (2573)",30,5.17
D100 Dungeon (237031),90,7.79
Samara (177490),50,6.25
Let's Catch the Lion! (56796),15,6.72
Call to Glory (124590),30,6.5
Richard Scarry's Busytown: Eye found it! Game (64220),20,6.52
Marvel: Crisis Protocol (285905),45,8.39
Dragonmaster (2),30,6.64
Florenza: The Card Game (143484),60,6.78
The 3 Commandments (38359),45,5.5
Quetzal (300700),75,6.79
1817 (63170),540,8.69
Garbage Day! (179259),30,6.1
Elfer raus! (2086),30,5.18
Unlock!: Escape Adventures – Fifth Avenue (229632),30,6.81
Shifting Sands: The Campaign for North Africa (11949),240,7.33
Bolt Action (127493),120,7.79
Clocktowers (12538),20,5.72
The Great Brain Robbery (761),60,5.54
Rush M.D. (284217),45,7.59
All Things Zombie: The Boardgame (36986),40,6.18
Darwin's Choice (250309),120,7.56
Blox (34227),45,6.56
Super Fantasy: Ugly Snouts Assault (147747),90,6.79
Le Passe-Trappe (12171),10,6.69
Dungeons & Dragons: Attack Wing (155689),30,7.18
Among Nobles (172584),120,6.73
Chicago Poker (29030),45,5.89
1920 Wall Street (226255),60,6.74
Crystallo (269618),30,7.07
Dungeon Universalis (261393),180,8.86
Monopoly: Star Wars Episode I (5029),120,5.23
Star Trek Deck Building Game: The Next Generation – Next Phase (111502),90,6.71
Rattus Cartus (128921),45,6.51
Vye: The Card Game of Capture and Control (142239),20,6.74
Confusion (1308),20,5.26
BANG!: The Walking Dead (160567),30,6.41
Battle for Germany (3986),180,7.16
Vabanque (2536),45,6.28
Choose Your Own Adventure: War with the Evil Power Master (278297),60,6.17
Cape Horn (134),45,5.99
Phase 10 Master (61470),60,5.47
10 Days in the Americas (64956),30,6.66
Gold Fever (234120),15,6.41
Imperium: Empires in Conflict – Worlds in the Balance (3661),180,6.87
Hitler's War (2168),300,6.29
The Ruhr: A Story of Coal Trade (226254),120,6.91
Kick-Ass: The Board Game (250561),90,7.33
Men of Iron (14683),180,6.87
Pictureka! Card Game (53317),15,5.09
Trendy (1412),20,6.22
Carthago: Merchants & Guilds (233006),90,6.83
Extraordinary Adventures: Pirates (254994),60,6.73
The Walking Dead Board Game: The Best Defense (140638),60,6.05
Burger Joint (30057),30,5.91
When Darkness Comes (3801),90,5.61
Frog Juice (2669),25,5.56
Unmatched Game System (295564),40,8.45
Hollywood (147021),30,6.43
Zooloretto Junior (66120),30,6.72
Hegemonic (92666),180,6.75
Seven7s (172662),20,6.17
"Warhammer 40,000: Rogue Trader (11106)",120,6.84
Sherlock Holmes Consulting Detective: The Baker Street Irregulars (296345),90,8.52
Unicorn Glitterluck: Cloud Crystals (159566),10,5.97
Dice Throne: Season Two – Seraph v. Vampire Lord (266964),40,7.89
Starving Artists (189350),60,6.82
Pax Viking (303954),90,7.38
Federation Commander: Klingon Border (19854),60,7.43
MegaCity: Oceania (266304),60,6.85
Jenseits von Theben (13883),75,7.12
Cranium Whoonu (16035),30,6.01
Spy (9201),30,5.48
World of Warcraft: Wrath of the Lich King (342848),60,7.76
Shadowrun Crossfire: Prime Runner Edition (254123),60,7.73
Saboteur: The Lost Mines (245214),60,6.35
Michael Strogoff (224894),60,6.78
Brick Party (181161),30,6.64
Versailles 1919 (253506),120,7.57
Alien vs Predator: The Hunt Begins (149896),120,6.91
Uncharted: The Board Game (123045),45,6.42
Mythe (139629),20,5.95
Trivial Pursuit: Millennium Edition (3048),60,5.31
Race to the New Found Land (243696),90,6.85
25 Words or Less (621),35,6.55
Loonacy (154892),10,6.35
Yahtzee Deluxe Poker (793),20,6.05
Yōkai (269146),35,6.79
The Settlers of Zarahemla (6778),90,6.85
Pandoria (248167),120,6.7
Bounce-Off (166633),15,5.69
India Rails (2455),180,7.08
Xi'an (234828),60,7.27
Trax (748),10,6.5
Honga (255805),45,6.97
Biblios Dice (164506),30,6.8
Monopoly: Disney (8633),90,5.16
Three-Dragon Ante: Emperor's Gambit (63196),30,6.67
Shadows of Brimstone: Forbidden Fortress (212346),120,8.53
Dungeoneer: Haunted Woods of Malthorin (11159),45,6.28
Captains of Industry (131449),150,7.06
Scorpius Freighter (256669),75,7.03
Magdar (6521),20,5.23
Ebbe & Flut (1379),45,6.48
Leaders of Euphoria: Choose a Better Oppressor (195237),35,6.5
Atlantic Storm (259),60,6.54
Donning the Purple (221155),90,7.12
Ramses Pyramid (41259),20,5.02
Gettysburg (125th Anniversary Edition) (1576),90,6.59
Pirate Dice: Voyage on the Rolling Seas (124047),60,6.16
"But Wait, There's More! (114438)",30,6.72
Kohle & Kolonie (141090),180,7.46
Paku Paku (214491),10,6.39
HellRail: Third Perdition (2339),60,5.86
Bakong (40629),20,5.53
Hoplomachus: The Lost Cities (124839),60,7.91
Street Fighter: The Miniatures Game (193428),90,7.19
Buckaroo! (8392),10,4.55
Tiefe Taschen (186864),50,7.23
Antics! (80642),60,6.94
Two by Two (66608),45,6.0
Alexander the Great (12248),75,6.06
Tinners' Trail (321277),90,7.48
Inkognito: The Card Game (353),30,5.44
Around the World in 80 Days (204599),60,6.39
AT-43 Initiation Set: Operation Damocles (24878),60,6.98
Jäger und Späher (161530),60,6.8
7th Sea Collectible Card Game (3125),45,6.7
Keltis: Das Würfelspiel (118023),30,6.44
Switch & Signal (317311),45,7.16
Dungeon Busters (172600),20,5.88
The Metagame (114991),45,6.65
Ka-Ching! (2968),20,6.43
Pie Town (233976),90,6.43
Fire in the Sky: The Great Pacific War 1941-1945 (14083),300,7.5
Empires of the Ancient World (870),180,6.62
Hold the Line (35342),60,7.3
Arkham Horror (34),180,6.65
Eat Me If You Can! (145722),10,6.02
Coloretto Amazonas (15156),20,5.77
The Kaiser's Pirates (28185),90,6.46
Fantasy (3422),20,4.98
Hornet (71272),45,6.19
Harry Potter Hogwarts (67436),20,5.98
Wings of Glory: WW1 Rules and Accessories Pack (119866),30,7.99
Ortus Regni (159469),50,7.6
Boomerang (66982),30,6.44
Glow (275044),45,7.4
Take Stock (20847),60,5.85
Star Wars: Escape From Death Star Game (4845),20,4.8
Decktective: Bloody-Red Roses (286827),60,6.53
Hannin Wa Odoru (158991),10,6.49
2GM Tactics (173536),120,7.57
Cthulhu 500 (12627),60,5.83
Greedy Greedy Goblins (184919),35,6.32
Trivial Pursuit: Master Edition (87904),60,6.13
Solarius Mission (170199),150,7.2
Duck Dealer (38553),240,6.32
Crack the Case (1254),60,5.98
Richard the Lionheart (232979),90,6.98
Twilight Imperium: Second Edition (26055),240,6.9
Taverna (181404),90,6.25
Mmm! (172507),20,6.42
Harry Potter and the Sorcerer's Stone Mystery at Hogwarts Game (14379),30,5.54
Hoppladi Hopplada! (39088),20,6.33
Tahiti (118776),60,6.34
Savannah Tails (54507),30,6.3
Spite & Malice (6644),30,5.87
The Creature That Ate Sheboygan (1783),60,6.42
Tatsu (181811),45,6.67
Metallum (148271),60,7.05
Steam over Holland (31722),180,7.33
Dungeoneer: Dragons of the Forsaken Desert (16443),60,6.3
Clue Suspect (88922),15,5.75
Rolling Japan (163377),15,6.26
Yucata' (434),30,5.78
Strife: Legacy of the Eternals (159632),60,6.77
Shogun (2043),10,5.69
King Arthur: The Card Game (15167),30,6.12
Sakura (227029),40,6.58
Clue Jr.: The Case of the Missing Cake (9852),30,5.35
Pocket Civ (28044),30,6.62
Scream Machine (6627),45,5.99
X-Bugs (2316),30,6.36
New York (66190),60,6.66
Star Trek: The Next Generation – Interactive VCR Board Game – A Klingon Challenge (5258),60,5.74
Ciúb (162152),45,6.13
Zombie in My Pocket (41372),30,5.82
Black Stories: Real Crime Edition (57052),20,5.72
Rockband Manager (70916),45,5.97
Passtally (252265),40,6.64
Heroes of Tenefyr (237706),60,7.35
Crazy Karts (195518),60,5.88
Lord of the Rings (6352),20,5.93
Mercado (244794),30,6.57
True Colors (514),30,6.06
Electronic Battleship (4122),30,4.86
Senators (234337),60,6.97
Antler Island (30483),45,6.16
Dancing Dice (10756),30,5.72
Hive Mind (201308),90,7.06
Comanauts (256883),120,6.56
Flotilla (275969),150,7.22
New Salem (161757),45,6.31
Planet Apocalypse (220827),90,8.06
Star Wars: Star Warriors (3593),120,6.9
Lunar Rails (6663),240,6.89
Firepower (3692),60,6.2
Bongo! (869),15,6.08
Trivial Pursuit: Harry Potter – Volume 1 (179280),60,6.04
Hocus (171261),30,6.56
Rescue Polar Bears: Data & Temperature (229370),60,7.24
Freight Train (1448),90,6.4
1000 Blank White Cards (4550),60,6.67
Paris: New Eden (284429),45,6.81
Peloponnes Card Game (181501),45,6.76
Inuit: The Snow Folk (261009),45,6.88
The Towers of Arkhanos (257987),30,6.83
I Hate Zombies (162093),15,5.2
Ming Dynasty (31075),90,5.86
Logistico (8096),60,6.22
A Touch of Evil: Dark Gothic (146784),60,6.94
Pixel Tactics Deluxe (169274),45,7.36
Rise of the Luftwaffe (1372),20,7.05
Cornish Smuggler (142451),120,5.93
Gear & Piston (140613),60,5.73
Cappuccino (146818),20,6.23
Charades (5122),30,4.99
Kayanak (4493),15,6.44
Trailer Park Wars (32146),60,6.04
30 Rails (200551),30,6.61
Diskwars (397),90,5.94
Chaos Marauders (1188),45,5.96
Tavarua (186323),60,7.2
Dungeon Raiders (257164),30,7.21
"The Game of France, 1940: German Blitzkrieg in the West (746)",180,5.94
Crazy Circus (5478),20,6.22
Penguin Pile-Up (1439),20,5.3
Unicornus Knights (204605),90,7.02
Entropy (171339),15,6.17
Eurobusiness (42050),90,4.76
Submarine (3083),180,6.52
Mutiny! (7967),45,5.68
Pimp: The Backhanding (15064),30,5.19
En Garde! (18963),45,5.8
Ascension X: War of Shadows (200456),45,7.57
Roll Player Adventures (254708),150,8.47
Spellcaster (165877),30,6.54
Rolit (8243),30,5.66
Tsukiji (142124),30,7.29
Tetris Link (93185),15,5.96
Australian Rails (935),240,6.96
Terrace (2872),20,6.38
Dragon Rampage (72132),120,6.41
The Cousins' War (224133),30,7.17
Ecosystem (271519),20,7.3
Dark Seas (170146),45,6.22
Can't Stop Express (217547),30,6.18
Barbarian Prince (1631),180,6.56
Tortuga 2199 (265017),90,7.34
Siege Storm (242343),30,6.64
Junk Orbit (247360),40,6.98
Travel Carcassonne (30662),45,7.25
Crimson Company (249814),45,7.32
Carnival (101930),30,5.7
Assault of the Giants (201455),150,6.74
Redneck Life (19027),60,5.36
Sixth Fleet: Modern Naval Combat in the Mediterranean (2073),360,6.97
Cursed Court (226213),60,7.17
Mighty Empires (52),300,6.17
Urbania (93541),45,6.46
Veggie Garden (211533),30,5.86
Flandern 1302 (13729),60,5.92
Pathfinder Adventure Card Game: Mummy's Mask – Base Set (187687),120,8.0
Chez Dork (2234),30,5.31
Da ist der Wurm drin (91671),20,6.42
Mini Rogue (311715),45,7.91
Heroica: Waldurk (94733),15,6.02
Mini Mastermind (5668),10,5.68
Liberty Roads (39188),1200,8.11
Corsairs (840),60,6.05
Maiden's Quest (240843),30,6.64
Loop Inc. (163027),40,6.39
Monopoly Gamer: Mario Kart (249833),60,6.23
Latice (183959),30,6.65
Cowboys: The Way of the Gun (17465),60,6.18
Darklight: Memento Mori (154910),120,8.35
Looterz (199780),30,6.6
Origins:  How We Became Human (29256),180,6.74
Spoons (1692),30,5.18
Secrets of the Lost Tomb (150484),120,7.33
Locomotive Werks (3828),120,6.78
Bisikle (55165),30,6.58
Babylon 5 Collectible Card Game (2640),60,6.74
Ratland (232473),30,6.95
Sabotage (252854),90,7.34
Sola Fide: The Reformation (200834),45,6.45
18MEX (18485),210,7.81
Scrawl (202982),30,7.14
Sundae Split (233974),20,6.75
Journal 29: Interactive Book Game (253399),120,7.05
Foodies (280896),30,6.58
Terra (8671),30,5.71
Doctor Who Fluxx (235365),30,6.86
Goblivion (243538),30,7.77
Monster Fluxx (149130),20,6.11
Air Assault on Crete / Invasion of Malta: 1942 (3044),240,6.44
One Night Werewolf (142503),10,6.13
The Cards of Cthulhu (145642),90,6.82
Assault on Hoth: The Empire Strikes Back (3548),90,6.96
Dig Your Way Out (266504),45,7.4
Fleet Wharfside (176262),30,6.91
Atmosfear: The Harbingers (1881),60,6.03
The Spoils (24947),40,6.96
Card of the Dead (129469),15,5.47
Amoeba Wars (982),150,6.07
Railroad Dice (8192),90,6.15
Decktet (37301),30,7.44
Mijnlieff (72667),10,7.15
Demon Worker (216856),45,7.07
King's Gold (161761),15,6.25
Captive (207898),130,6.85
Senator (12296),60,5.52
Solomon Kane (247417),120,8.18
Sequoia (305986),10,6.76
Whale Riders (305761),45,7.13
7 Ate 9 (42206),5,6.05
Magic Dance (2087),45,5.81
Mystic Market (287322),45,7.2
Charon Inc. (71593),60,6.31
Schotten Totten 2 (300930),20,7.28
Caravan (269789),45,6.69
WWE Superstar Showdown (177499),120,6.54
Deckscape: The Curse of the Sphinx (283718),90,6.13
Pursuit of Glory (23418),360,7.9
Yomi (Second Edition) (84838),20,7.54
Quarriors! Light vs. Dark (155702),30,6.81
Space Marine (4001),120,6.81
Sequence for Kids (6381),20,5.74
"Gandhi: The Decolonization of British India, 1917 – 1947 (220588)",240,8.13
WeyKick (20295),10,6.95
Hellenes: Campaigns of the Peloponnesian War (10788),240,7.43
SPANC: Space Pirate Amazon Ninja Catgirls (14535),60,5.36
Yggdrasil Chronicles (284333),90,7.39
Xanadú (132817),70,6.48
Complots (188188),15,6.81
Zen Master (83197),30,6.33
Aquileia (108161),90,6.72
Tanto Cuore: Expanding the House (68858),45,7.49
Lovelace & Babbage (257056),30,6.77
Ostia (19074),60,5.8
Reverse Charades (86156),30,6.69
Kulami (108831),30,7.15
Roll Camera!: The Filmmaking Board Game (298102),90,7.85
Double or Nothing (22111),20,5.68
Boss Monster: Rise of the Minibosses (246855),45,6.97
Draconis Invasion (188178),90,7.23
Napoleon at Waterloo (3573),30,6.66
Epic Spell Wars of the Battle Wizards: Melee at Murdershroom Marsh (221366),30,6.59
Summer Camp (337787),45,7.42
The Walking Dead Card Game (136117),30,5.51
Judge Dredd (1098),90,6.28
The Mystic Wood (1152),60,6.48
Poker Dice (10502),10,5.05
Pick-a-Polar Bear (145186),15,6.4
La Viña (276497),45,7.05
Wizard (3463),30,7.34
Megastar (24473),30,5.42
Langfinger (58329),30,6.17
